source,url,title,author,date,content,topic
동아일보,,"일법원판결 주목 억울한 30 한인전범석방여부","",1952-07-17,"태평양전쟁 당시 일제에 끌려가 군무에 복역한 한국인 중, 전범자로 인정된 당시 일본군 육군 중장 홍사익 외 군속 21명이 연합국 재판에서 사형이 집행되었고, 30명이 현재 일본 스가모 형무소에서 ‘전범 아닌 전범자’로 복역 중이라는 사실이 외신을 통해 전해졌다. 최근 외신 보도에 따르면, 이들 30명의 한국인 전범자는 일본 기무라 법무부 총재를 상대로 일본 내 법원에 소송을 제기했다. 그들은 대일 강화조약이 성립된 현재, 일본 정부가 외국인을 관리할 수 없게 된 조약 제7조와 제11조를 근거로 삼고 있으며, 이에 대한 일본 대법원의 판결이 주목되고 있다.","홍사익"
조선일보,,"일본정부도 '석방을 청원'","",1952-12-04,"현재 일본 스가모 구치소에서 복역 중인 48명의 한국인 전범자 석방 문제와 관련해, 지난 4월 4일 임용순 의원이 미국 대통령, 미 육군 총참모장, 미 극동군 최고사령관 앞으로 정부가 석방 탄원 건의문을 발송하도록 하는 청원을 국회에 제출했다. 본회의 결정에 따라 외무위원회에서 처리 방법을 연구해온 결과, 8개월 만인 지난 1일 심의 결과 보고서를 본회의에 제출했다. 그에 따르면, 주일 대표부가 석방 문제에 대해 교섭 중이며, 지난 11월 11일 일본 법무대신이 중의원 법무위원회에서 한국인 전범자 29명에 대해 재판관계국에 전원 사면 처분을 건의하자고 청원한 바 있다고 밝혔다. 이에 따라 동 위원회는 이를 정부에 이송함과 동시에 적극적으로 선처를 촉구하는 것이 좋겠다는 의견을 첨부해 결론을 내렸다. 한편, 이 한국인 전범자들은 제2차 세계대전 당시 강제적인 학도병 또는 징병을 통해 일본군에 편입되었던 이들로, 필리핀 포로수용소에서 홍사익 중장 외 15명이 전범으로 사형당했으며, 현재 일본 스가모 구치소에서 48명이 수감 복역 중이다. 일본인 전범자들이 이미 전원 석방된 것과 달리, 한국인은 한 명도 석방되지 않은 상태다.","홍사익"
경향신문,,"8.15 전야 우리가 본 태평양전쟁이면사 (1) 억울하게도 전범자가 된 고 홍사익일본육군중장",,1962-08-09,"기소죄명은 포로학대. 그의 수첩 「메모」를 연합군이 그릇 해석. 일패전예기코토 후한 대접했건만. 우리 민족이 압박과 설움에서 해방된 1945년 8월 15일은 하늘도 새롭고 땅도 새로워진 날이다. 민족의 감격이 분화구처럼 솟구치던 우리들의 8.15다. 푸른 이랑처럼 벅찬 희망과 감격에 설레던 그 날이 벌써 열일곱번째 돌아왔다. 그러나 이런 감격의 그날이 있기까지 우리 민족은 일본 군국주의의 총탄받이가 되어야만 했던 슬픈 숙명들이 너무나 많았다. 이제 그 당시 8.15 전후를 통해 지금까지 햇볕을 못 본 여러 가지 일들과 무모했던 일본 군국주의가 저지른 댓가인 무질서의 패주를 더듬어 우리가 본 태평양전쟁이면사를 들추어보기로 한다. 대일본제국 육군중장 홍사익 이름 석자가 말하는 대로 그는 분명한 한국인이었다. 그는 8.15를 맞아 조국이 해방된 지 1년이 지난 1946년 9월 21일 새벽 이역의 땅 비율빈에서 야자수 나무잎이 바람에 속삭이는 가운데 유유히 운명의 13계단을 걸어 올라가 교수형장의 이슬로 사라졌다. 그를 아는 일본인들에게서도 개주와 인격을 높이 평가받던 단 하나의 한국인 장군 홍사익은 이로써 57년간의 파란많은 생애에 막을 내렸다. 그것도 약관 17세의 몸이 위기에 선 이 나라를 구해보겠다는 한마음으로 대한제국 육군유년학교에 들어가던 것과는 너무나 아이러니칼하게 조국의 해방에 힘써준 미군에 의해 더우기 전쟁범죄자의 이름으로 40년의 군인생활에 종지부를 찍고 말았다. 지금 30대 이상의 우리나라 사람들은 왜정시대에 홍장군의 존재가 우리에게는 어쩐지 이상하게 어필하던 기억을 더듬을 수 있을 것이다. 이제 다시 8.15를 맞아 지난 17년 동안 파묻혀왔던 이 홍장군의 이야기를 그가 죽게 된 경위 등과 더불어 여기에 들추어본다.홍장군이 전쟁범죄자로 점찍히게 된 것은 그가 일본군의 비율빈 포로수용소장을 지냈기 때문이었다. 군사재판에 기소된 죄명은 포로학대였다. 그러나 홍장군은 전쟁이 끝나기 얼마 전 비율빈 마닐라 시에서 일본 육사 동기생들과 만나 자랑스러운 듯이 ‘우리 수용소의 연합군 포로 3천 명에 대하여는 국제법을 충실히 지켜 충분한 대우를 하고 있으므로 조금도 불평의 소리를 듣지 않는다. 크리스마스 이브에는 포로들이 나를 파티에 초대해 감사해주었다’고 즐거운 듯이 말했다. 이것은 그 자리에 있던 홍중장의 일본 육사 동기생이며 전 일본군 육군소장이던 이사끼 씨가 밝힌 이야기다. 일본의 패전을 짐작하고 있던 한국인 홍사익 장군으로서는 능히 취할 수 있는 태도였을 것이다. 이사끼 씨는 ‘3천 명의 포로들이 고마워한 홍소장이 포로학대라니 어찌된 일인가?’ 하고 의문을 드러내면서 그 경위를 다음과 같이 밝히고 있다. 군사재판이 열리고 최명을 뒷받침하는 증거물로 홍장군이 가졌던 수첩 한 개가 법정에 제출되었다. 이 수첩에는 꼼꼼하게도 홍장군이 포로수용소장으로 근무 중에 내린 명령이 모두 메모되어 있었다. 전쟁이 끝나고 일본육군 비율빈 방면군 사령관 야마시따 대장 등과 함께 바키오에서 미군에게 넘겨질 때 일본군복은 물론 가지고 있던 물건은 모두 몰수되었다. 이 수첩도 그중 하나였다. 법정에서 검찰관이 읽은 이 수첩 중 홍장군이 내린 명령의 한 구절에는 ‘포로 수송 중 적의 공격을 받게 되면 적절한 조치를 강구하고 부근의 섬이나 또는 육지에 피난하여…’라는 것이 있다. 이것이 홍장군의 목숨을 빼앗은 구절이다. 2세 일본계 미국인이 영문으로 번역했는데 ‘적절한 조치’란 ‘죽여도 좋다’는 뜻이라고 판단했다는 것이다. (계속)",홍사익
경향신문,,"8.15 전야 우리가 본 태평양전쟁이면사 (2) 고 홍사익일본육군중장 : 일인도 비범한 위인에 감동 - 데라우치 원수도 중장 진급에 힘써 - 육사동기들 기념사업추진",,1962-08-10,"전 일본군 육군소장 이사끼 씨는 당시의 경위로 보아 ‘적절한 조치’라는 명령이 절대로 ‘포로들을 죽여도 좋다’는 뜻으로 내려진 것은 아니라고 말했다. 1944년 3월 민다나오 섬에 수용 중인 미국인 포로들을 루존 섬의 마닐라로 옮기라는 남방군 총사령부의 명령이 내려졌다. 세심한 홍장군은 이 수송작전에서 연합군 잠수함의 공격을 걱정하여 배를 해안을 따라 얕은 곳으로 항해시켰다. 이것은 조난의 경우 부근의 섬이나 육지에 피난하기 쉽도록 취한 조치였다. 그러나 불행히도 미군 비행기가 날아와 그들의 동포들이 실려 있는 것도 모르고 맹렬한 폭격을 가하였다. 다행히 침몰은 면했으나 배는 대파되어 더 이상 항해는 할 수 없게 되었다. 별수 없이 보트를 내려 피난을 시작했다. 그러자 미군 포로들은 서로 먼저 타려고 보트에 몰려들어 살 수 있는 사람까지 살리기 어렵게 되었다. 감시병은 위협으로 총을 한 발 쏘았다. 이 총알 한 발이 홍장군의 운명을 순간적으로 결정지어 준 것이었다. 총알은 포로 한 사람을 희생시켰고 동시에 그 파동으로 몇 사람이 물에 빠져 익사했다. 이것은 할 수 없는 일이었다는 것이다. 이때 이미 홍장군은 육군중장의 높은 계급에 올라 있었다. 그는 전쟁이 끝나기 전 해인 1944년 가을 병참총감의 자리를 맡았었고 이미 중장으로 진급했던 것이다. 당시 일본군 남방군총사령관 데라우치 원수는 홍장군의 고결한 인격과 비범한 수완을 전적으로 믿어 일본 천황에게 중장으로 진급을 상신했고 그 상신서에는 자필로 쪽지를 붙여 진급이 틀림없도록 다짐했다고 전한다. 홍중장의 사람됨됨은 그의 상사뿐 아니라 일본 육사 26기 동기생들도 모두 우러러 존경하는 대상이었다. 홍중장의 육사 동기생이며 제1사단 육군대학교 참모본부 관동군 남방총군 등에서 그와 접촉해왔던 전 일본군 남방총군 총참모부장 와지(지금 일본 국민회의 위원) 중장은 지난 1962년 1월 홍장군의 아들 국선 씨에게 보낸 편지에서 다음과 같이 말했다. ‘1월 26일 동경에서 육사 26기 동기생회를 열었습니다. 이 자리에서 엄친의 사진을 모두 우러러 보았습니다. 매우 훌륭하고 군인다운 그 모습 과거의 추억으로 감개무량하였습니다.’ 종전 직후 야마시다 대장 이하 장군들이 산에서 내려와 산페르난드에 집결했을 때 모두 자기대로 느낀 감상을 단구로 적어 모은 것이 있습니다. 그중 엄친께서는 ‘진인사대천명’이라는 여섯 자를 적으셨습니다. 아마도 전범재판을 받는 것은 면할 길이 없을 것으로 각오하고 그렇게 적으셨을 것입니다. ‘진인사대천명’이라니 실로 훌륭한 태도였습니다. 와지 씨는 이어 26기 동기생들의 추천으로 자신이 대표가 되어 앞으로 홍중장을 기념하는 사업으로 위령비를 세우고 전기를 만들어보겠다고 다짐하고 있다. 이를 위해 그는 홍장군이 군인 생활에 발을 내디뎠던 대한제국 군학교와 일본 육사로 넘어오게 된 경위 등을 알고 싶다고 전했다. 또 육사 26기 동기생 중 한국인인 이응준 신태영 유승렬 씨 등 해방 후 대한민국 군인으로 활약한 소식도 함께 알려달라고 당부하고 있다. 전쟁 말엽에 남방전역의 작전을 모두 지휘했던 와지 중장은 종전 후 미군 관계 전범 용의자로 체포되어 병원선 운용상 적십자조약 위반 행위로 중노동 6년의 형을 받고 일본 스가모 전범수용소에 수용됐다가 1950년 8월에 석방된 사람이다. (계속)",홍사익
경향신문,,"8.15 전야 우리가 본 태평양전쟁이면사 (3) 고 홍사익일본육군중장 : 옥중서 조국독립 빌며 모든 책임 지고 의연한 자세 - <구명의 온정> 끝내 못받아",,1962-08-11,"1946년 4월 18일 전범재판은 홍중장에게 교수형을 선고했다. 사형선고를 받은 야마시다 사령관 이하 17명의 일본군 수뇌들 중 단 한 사람의 한국인이었던 것은 물론이다. 당시 우리나라에서 일부 인사들이 홍중장의 인간으로서의 선행과 우수한 군사 경력 그리고 일본군 내에서 한국인으로서의 애국적인 행동 등을 들어 주한미군사령관 하지 중장을 통해 관대한 조치를 호소했었다. 이것이 적지 않은 동정을 불러일으켰던 것은 그때 전범재판소가 상부에 보고한 서면을 보아 분명하다. 그러나 끝내 '구명의 은전'까지는 이르지 못했다. 형 선고가 있은 후 제일 먼저 마닐라 교외 루파오 전범수용소로 홍중장을 위문한 것은 육사 동기생 와지 중장이었다. 그도 홍장군을 구하려고 백방으로 손을 썼으나 뜻을 이루지 못했음을 빌었다. 이에 대해 홍중장은 '포로들의 처우에 관한 모든 책임은 수용소장인 내가 지는 것이 군인으로서 당연한 일이다. 부하들이나 전쟁유가족들에 대한 일본정부의 대우에 대해서는 잘 당부한다'고 의연한 태도로 말했다 한다. 그는 오랫동안의 우정에 감사의 뜻을 표했을 뿐 한마디의 불평은 물론 자기 집에 관한 부탁조차 전혀 비치지 않았다고 한다. 그러나 이때 편지를 통해 아들 국선 씨에게는 해방을 맞은 한국의 기쁜 모습을 자꾸 물어오던 홍장군이었다. 홍장군은 끝으로 '나의 조국인 한국의 독립을 위해 힘껏 협력해 달라'고 신신당부했으며 와지 중장도 한국의 흥폐가 일본의 운명을 정할 만한 중대한 '키'인 이상 여생을 바쳐 그 부탁을 이룩하기 위해 힘쓸 것을 맹세했다 한다. 와지 중장은 종전 직후 홍중장과 함께 한국의 독립과 장래의 한일 제휴 문제 등에 대해 의견을 나눈 적이 있으며 그때부터 줄곧 한국의 독립과 발전이 장차 일본의 번영에 필수적이라는 신념을 갖게 되었다. 와지 씨는 지난 2월 우리나라 요로에 보내는 글을 통해 '홍장군 같은 영매한 인재를 잃은 것은 한일 양국에 참으로 큰 손실임을 통감한다'고 밝혔다. 한국의 독립을 위해 힘써달라는 부탁을 받았으나 와지 씨가 중노동 6년의 형을 살고 전범수용소를 나와 보니 이미 한국은 독립되어 있었고 일관된 반공정책은 동양에서 공산세력의 확대를 방지했으며 이에 따라 일본의 평화와 안전까지 유지되고 있는 실정이었다고 고마운 뜻을 전하고 있다. 그는 여생을 홍장군과의 맹세를 실천에 옮기려 했으며 2차 대전 때 일본군에 협력한 한국인들을 돕고자 일본 정부 요로와 식자들 사이에서 계속 역설했다고 한다. 또 다른 홍장군의 동기생 이사끼 씨는 얼마 전 '홍장군의 유족은 서울에서 고인을 추모하며 쓸쓸히 살고 있다. 법규상 정식으로 유족 부조료를 낼 수 없을지 몰라도 이와 같이 거룩한 희생자가 된 한국인의 일본군 장관에 대해 비록 패전국가라고는 하지만 얼굴을 돌리고 모르는 체만 할 수 있겠는가'라며 개탄했다. 홍장군의 인품에 대해 동기생 이응준 씨는 '총명하고 굳고 신사적이었다'고 평했다. 그는 500여 명의 일본육사 보병 동기생 중 언어 장벽을 극복하고 22등의 성적으로 졸업, 동경 제1연대에 배속될 만큼 총명했다. 모든 동기생이 그를 알아주었고, 근무하는 곳마다 우수한 성적으로 칭찬을 받았던 인물이었다.",홍사익
경향신문,,"8.15 전야 우리가 본 태평양전쟁이면사 (4) 억울하게도 전범자가 된 고 홍사익 일본육군중장 [4] 육대를 나온 당당한 장군",,1962-08-12,"출발은 대한제국의 육군유년학교 사단장도 격하한 척후장 안성군 대덕면 소현리에서 홍이유씨의 차남으로 태어났다. 그는 부지런히 서당에 다니며 한학을 배웠고 20년 이상 차이가 있는 형 사용씨에게도 배워 뒷날 일본군 장교들에게까지 월등한 한학의 실력과 멋있게 한시를 지을 수 있는 재주 등 존경받을 재산을 마련했다. 홍중장이 육사 재학당시 글재주가 어찌나 뛰어났던지 그가 지은 작문이 최우수 작품으로 뽑혀 일본 천황 앞에서 낭독한 일까지 있으며 그의 동료들은 시인이라고까지 별명을 붙일 정도였다. 구한국 말기인 1906년(메이지 39년) 기울어가는 조국의 운명을 눈앞에 보며 홍장군은 큰 뜻을 품고 혼자 상경 대한제국 육군유년학교에 들어갔다. 그러나 한국을 통째로 삼켜보려는 일본의 마수가 이러한 군교육기관을 가만히 둘 리가 없었다. 2년 후에는 삼청공원 뒤편에 있던 무관학교와 합병시키더니 그것마저 오래 가지는 못했다. 합병 전 해인 1909년 이때는 이미 통감 '이토'의 세력이 등등한 때였고 사실상 한국은 일본에 먹혀버린 때였다. 일본은 '무관은 일본에서 양성해 준다'는 구실을 붙여 무관학교 학생 50여 명을 그해 9월 일본으로 데리고 갔다. 이때 홍장군과 같이 간 인사들 중에는 지대형(청천) 이응준 유승렬 신태영 박승훈 씨 등 무관학교 2년생들이 있었고 1년생에는 김석원 백홍석 장석륜 씨 등이 있었다. 굴욕적인 한일합병의 해 1910년(메이지 43년) 이들은 일본육군중앙 유년학교에 편입되어 일본군인이 될 첫발을 내디디었다. '나라 없는 인이 무엇을 하겠느냐?'는 시름 때문에 유년학교 편입을 포기한 사람들도 있었다. 그러나 '좀처럼 배우기는 군사기술을 이곳에서라도 배워두면 언제이고 쓰일 날이 올 것'이라는 생각으로 42명은 그대로 유년학교에 들어갔다 한다. 당시 이러한 기맥은 서로 말없는 가운데 의기가 상통했다는 것이다.유년학교를 거쳐 동경 '이찌가야'에 있던 사관학교에 26기생으로 들어간 홍장군은 벌써 두각을 드러내어 1914년(대정 3년) 동교를 졸업할 때에는 보병과 동기생 500여명 중 언어의 장애를 무릅쓰고 22등 한국인 동기생 13명 중에는 수석의 자리를 차지하여 일본인 동기생들을 놀라게 했다. 이응준 씨는 홍장군의 바로 뒤를 이어 26등을 차지했다. 좋은 성적을 보이고 소위로 임관된 홍장군은 동경 제1연대에 이장군은 동경 제3연대에 각각 배속되었다. 이들이 소속된 1사단이 추기 대연습을 끝냈을 때였다. 전사단 의장교들이 모여 사단장의 강평을 들었다. 별안간 사단장이 홍장군을 불렀다. 모두들 무슨 벼락이 떨어질 것인가 하고 근심에 싸였다. 그러나 뜻밖에도 사단장은 홍장군을 자기 앞에 세워놓고 찬사를 아끼지 않았다. 연습 도중 척후장으로 나간 홍장군은 장마로 넘쳐흐르는 개울에 부딪치자 서슴지 않고 옷을 벗어 머리에 이고 헤엄쳐 건너 적정을 정확히 판단하여 유효한 보고를 함으로써 전투를 승리로 이끌었다는 것이었다. 홍장군은 수영에도 능수였다. 이는 당시 같이 연습에 참가했던 이응준 장군이 전하는 이야기이다. 사관학교를 졸업하고 26세 때 홍장군은 부인 조숙원 씨를 동경으로 데려가 살림을 차렸다. 홍장군은 고향에서 14세의 어린 소년으로 그때 16세인 용인 사람 조씨와 결혼했었다. 여기에서 홍장군은 아들 홍국선 씨를 얻었다. (1918) 홍장군의 뛰어난 재주는 누구나 인정하게 되어 그는 1연대에서 일본육군성으로 전속되었다. 중위로 진급한 후 홍장군은 한국인으로는 처음으로 일본육군대학교에 입학하여 장차 '장군으로의 길'로 뻗어나갈 터전을 마련했다. 육대는 장군으로서의 자격을 교육하는 곳이었다. 유년학교 시절부터 책상도 나란히, 베개도 나란히 홍장군과 함께 공부한 전 일본 육군소장 '이사끼' 씨는 그를 이렇게 평했다. '그때 한국인들에게는 어딘지 모르게 민족적으로 어두운 면이 없지 않았으나 홍군은 아주 명랑한 소년으로 누구라도 명석한 그의 두뇌는 따라가기 힘든 수재였다. 그는 육군대학에서도 우수한 성적을 올려 모든 사람들이 놀라움의 눈초리로 밝혀보는 가운데 유유히 장군가도로 달리고 있었다.' (계속)",홍사익
경향신문,,"8.15 전야 우리가 본 태평양전쟁이면사 (5) 억울하게도 전범자가 된 고 홍사익 일본육군중장 (완) 일본군의 패전예언 만주에선 힘껏 동포들도 도와주고 한국인이기에 푸대접",,1962-08-13,"육군 대학 졸업(1923년)을 상징하는 '덴뽀셍'의 '마크'를 오른편 가슴 밑에 단 홍사익 중위에게는 빛나는 장래가 약속되었다. 졸업 후 육군성 참모본부 3연대대대장 보병학교 교관 등을 거쳐 홍장군은 1933년 중좌 때 만주로 건너가 신경에 있던 관동군사령부에서 군정관 계고문 참모부 요원 등의 자리에서 일했다. 가족들도 그를 따라 살림을 만주로 옮겼다. 홍장군은 만주에서 능란한 중국어를 구사하며 근무하는 3년 동안 그곳에 허다히 깔려 살던 한국인들의 일을 힘껏 도왔다. 만주본토인과 일본인들 사이에 끼어 우리 동포들이 이민 문제 등으로 입장이 거북해지면 꼭 우리 동포들에게 유리한 발언을 해주던 홍장군이었다 한다. 그때 만주에 있던 진학문 씨는 '홍장군이 여러 가지 면에서 말로만이 아니고 실제로 우리 동포들을 크게 도왔다'고 말했다. 그가 재만한인들을 위해 큰일을 한 것은 그곳에 있던 우리나라 사람이라면 누구나 인정한다는 것이다. 홍장군은 그가 앉았던 자리를 일본인에게 넘겨준 후 계속 우리 동포들의 일을 돕지 못하게 된 것이 한이 되어 눈물을 뿌리며 일본으로 돌아갔다 한다. 다시 보병학교 교관이 되고 대좌로 승진한 후 1940년 홍장군은 기어이 육군소장으로 진급했다. 소위로 임관된 후 26년 만에 장군 길에 들어선 것이다. 홍장군은 화북 순덕의 여단장으로 임명되어 지휘관으로서 팔로군 등을 상대로 전투에 임하다가 만주 공주령의 장교 재교육 학교로 전속되었다. 1941년 12월 8일 일본이 미국에 선전한 후에도 홍장군은 줄곧 만주에서 근무했다. 태평양 남쪽에서 전세가 한창 기울어지던 1944년 3월 홍장군은 그의 운명을 결정지어준 비율빈 포로수용소장으로 임명되었다. 이러한 인사에 대해 육사 동기생 이응준 장군은 '일본 군에서 절대로 있을 수 없던 일'이라고 말했다. 포로수용소장은 보통 예비역으로 편입되었다가 전쟁으로 다시 소집된 노병들로 채우는 것이 당시의 관례였으며 현역은 그런 자리에 갈 수 없었다 한다. 홍장군은 주로 군교육기관 행정기관 등만을 전전하면서도 빨리 진급했다. 그러나 미국과의 전쟁이 한창 위급하게 되어도 유능한 육사와 육대 출신인 홍장군은 일선 전투지휘관이 되지 못한 채 포로수용소장으로 썩고 있어야 했다. 그가 35년간의 일본군대 생활 중 가장 큰 자랑이 될 일선 전투 지휘관이나 작전 계통의 책임자의 자리조차 변변히 맡아보지 못했던 것은 어디까지나 일본이 '한국인'이라는 레테르에 배려했기 때문일 것이라고 이응준 씨는 말하고 있다. 여하간 홍장군은 '운명의 수용소장 자리'로 부임했다. 부임 도중 그는 서울 돈암동으로 아들 홍국선 씨를 찾았다. 이때 이미 부인 조숙원 씨는 죽고 후처 이청영 씨가 둘째 아들 홍달선 군을 낳기 직전이었다. 홍장군은 아들에게 '제공권을 빼앗긴 일본은 꼭 진다. 이번에 가면 다시 못 올 것이다'라고 하며 유언까지 남겼다. 때마침 아들 홍국선 씨는 연전재학 중 학병에 끌려갔다가 도망한 친척 심모 씨를 뒷집에 감추어두고 있을 때였다. 홍장군은 '나는 한국인으로서 일본군의 높은 자리에 있다. 지금 내가 비굴하게 굴면 학병이나 지원병으로 일본군에 끌려간 많은 젊은이들의 처우가 곤란해질 것이다'라고 하며 만주 공주령에 있을 때 한국의 독립운동을 하던 게 지청천 장군이 밀사를 보내어 '내게 오라'고 권유하던 일을 처음으로 밝혔다. 이리하여 홍장군은 떠났다. 다시는 못 올 길을 아주 떠난 것이다. 왜정 때 일본 '와세다 대학'을 나온 맏아들 홍국선 씨는 한국군 육군대령으로 군을 나온 후 지금 한국광업제련공사의 이사로 부인과 3남2녀를 거느리고 있으며 홍장군이 비율빈으로 떠난 지 나흘 만에 낳은 홍달선 군은 서울 상과대학 1년에 장학생으로 재학 중이다. 홍군이 3.1운동의 33인 중 한분인 고 오세창 씨의 아들 오일륙 씨 집에서 함께 살고 있는 것은 또 하나의 '아이러니'. 홍장군의 유품으로는 일본육사의 한국인 출신 34명이 서로 간의 친목기관으로 모두 육사를 나온 직후 1916년(대정 6년)에 조직한 전의회의 통신문철의 '전의'가 있을 뿐이다. 전의회는 홍장군과 이응준 장군 등이 발기하여 만든 것으로 홍장군이 초대 간사를 맡았었다. 기관지 격인 '전의'는 서로 간의 인사소식과 우리 민족의 장래를 걱정하는 글로 가득 차 있으며 심지어 '조선에서 헌병제도를 폐지하라'는 의견도 실려 있다. 한문 투성이의 우리말로 시작된 이 통신문은 일본말로 된 1927년(소화 2년) 3월의 '전의회보'를 끝으로 뚝 끊어져 있다. 해방 17년, '우리 앞길에 참으로 중내한 때가 되었으니 힘써 자중하라'고 2차 대전 말기 서울에서 열린 환영회석상에서 고민의 표정 속에 또박또박 우리말로 말하던 그의 모습만이 유품 '전의'와 더불어 인간 홍사익의 아쉬운 추억을 애처롭게 되살리고 있다.",
경향신문,,"안성에서 일인들에 잡혀가","",1962-08-15,"아는 사람이건 모르는 사람이건 기차에서 내리는 사람을 붙들고 목이 터져라 만세를 불렀다. 눈물을 흘리기도 했다. 뒤에 홍사익 중장의 구명탄원서를 쓸 때와 9월에 '안성주보'라는 신문을 만들 때의 감격도 길이 잊혀지지 않을 게다.","홍사익"
경향신문,,"볼모의 56년 이은씨 환국 : 조국잃은 왕손, 조국의 품으로","",1963-11-22,"이렇게 일본제국 군인의 길로 들어선 이씨는 장성 '코스'인 육군대학까지 다녔다. 이때 그는 2차대전 후 전범으로 처형된 홍사익 중장과도 함께 책상을 나란히 공부했다. 일본에 건너간 지 5년 만에 이씨는 어머니 엄비의 부음을 접했다.","홍사익"
동아일보,,어디로갔나 5백여 재비교포,,1964.12.04,"이렇듯 한국인에 대한 보복이 취해진 원인은 「필리핀」 에서 끝까지 항전한 일본군이 나남사단이라는 일본 제19사단이었기 때문에 「필리핀」 인들은 이사단병력이 모두 한국인으로 오인한데 있었을것이라 교포들은 말하고 있는데 종전후 별도수용된 5백여 한국인 전범은 그 뒤 소식이 오늘날까지 감감하다. 이들이 처형당했는지 또는 석방되어 귀국했는지는 기록이 없으나 종전 전에 1천 명을 헤아리던 우리 교포 중 현재 살아남은 교포가 겨우 5명이라는 사실이 어떤 시를 주고있는 것 같으나 이 5명의 교포는 그 때의 비극을 되씹기가 싫다고 굳게 입을 다물고 처형된 홍사익 중장이 한국인이라는 사실이 알려지기조차 꺼리고 있었다.","한국인 전범, 필리핀, 재비교포"
경향신문,,전쟁은 비극,,1966-02-18,"백발의 노구에도 카메라 앞에선 부동자세를 취하며 서릿발같이 굳은 표정을 지었다. 이날 공항에는 시오자와씨와 일본 육사와 육군대학 동기 동창이며 필리핀에서 전범으로 몰려 사형당한 홍사익 중장의 맏아들 국선씨가 마중 나왔었는데 얼싸안고 울었다.","홍사익, 전범, 가족"
조선일보,,눈물흘린 「왕년의 전범」,,1966-02-18,"시오자와 씨는 이날 전 경성일보사장 중보흥작(70)씨, 일본 향우연맹 부회장 세천량일씨 등과 같이 한국재향군인회 초청으로 한국을방문한것.「시오자와」 씨는 일본 육군중장이며 남방군 「필리핀」 주둔사령관으로 복역하다 전범으로 사형당한 홍사익씨와 육사동기며 가장 친숙한 사이였다고. 이날 그를 마중나온 고 홍장군의 맏아들 홍국선씨를보자 와락껴안 고눈물을흘리기도.","홍사익, 전범, 가족"
중앙일보,,한국인 전범 처형자의 비,강범석,1967-02-20,"【동경=강범석 특파원】제2차 대전의 전범자로 처형된 한국·대만 출신자 49명의 영혼을 달래기 위한 위령비가 오는 4월 초순 「교도」시 「히가시야마」 「고다이지」 경내에 세워지게 되었다. 이 위령비의 건립을 위해 사뭇 애써온 일본 문화 연합회 대표 「고미야마·노보루」(53·동경도 세전곡구 송원정 1의 13의 9)씨는 『일본 때문에 억울한 목숨을 잃은 사람의 명복을 비는 것은 바로 일본 사람의 의무』라는 신념으로 10여 년 동안 이 사업을 추진해 왔다. 1950년이래 「전범 역류자 해방운동 협력회」를 조직 전범자들의 조기 석방운동을 벌여왔던 「고미야마」씨는 57년도 의외에도 전범 처형자들 중에 한국인 출신자가 23명 대만 출신자가 26명이나 끼어 있음을 알아내고 이들 49명의 위패를 만들어 그해 4월 1일 「교도시」의 영산관음에 안치했다. 이때부터 그는 다시 위령비의 건립을 기도했다. 그는 처형자의신원과 이력을 조사하고 그들이 남긴 유서를 모았다. 위령비의 대좌에는 그 자신 「마가반야파라밀다심경」의 사경 1백권을 헌납키로 결심 2년째 걸려 사경을 모두 썼다. 이를 감은 권지는 무려 1백20「미터」. 49명의 각 위에는 될 수 있는 한 각자의 신분에 따라 불교·유교·기독교 그 밖의 경문·성구 혹은 자작시·헌영가를 구절마다 필사로 새겨 명복을 비는 마음을 한층 간절하게 했다. 이들 중 몇몇은 그들이 남긴 유서에서 전쟁의 비극 터질 듯한 민족의 울분 저주스러운 인간의 슬픔 등을 말해 주고 있어 눈물겨웠다. 1947년 2월 25일 아침 9시 「싱가포르·창기」 형무소에서 교수형으로 사라진 조문상(당시 26세·개성시)씨의 경우는 사형 집행 2분전까지 절박한 운명의 수기를 썼음이 드러나고 있다. 『전략…감방 안에선 언제 죽을지도 모르는 그러면서도 살아남아 있는 사람들이 부르는 「올드·랭·자인」의 노래 소리가 들린다. 「이 세상엔 미련 없다.」-. 그렇게 말한 사람들이 우습다. 영혼이라도 어딘가 인간 세상에 떠돌아 붙어 다녔으면 좋겠다. 아 살고 싶다. 그 어느 날 백운대의 암벽에 새겨 놓은 내 이름이 지금도 남아 있겠지. 그럼 부모님들 안녕.』 조씨는 그렇게도 살기를 바라면서도 형장의 이슬로 사라졌다. 조씨와 같은 시간에 처형된 김장록씨의 경우는 거의 영탄에 가까왔다. 『저 세상에는 정말 한국인이라든가 일본인이라든가 하는 구별은 없겠지.』- 그러면서도 그는 설움 받던 민족의 울분을 씹으며 사라져 간 것. 『특히 한국·대만 출신자가 전범자로 처형된 것은 기막힌 역사의 과오라 아니 할 수 없습니다. 일본인으로서는 그러한 영혼을 위로하는 것이 당연한 일 입지요.』 위령비 건립의 마지막 손질을 재촉하는 「고미야마」씨에게는 근엄할이 만큼 기도하는 마음이 가득 찬 것 같았다. 그는 『위령비 제막식에 유족들이 참가해 줬으면 얼마나 기쁘겠느냐?』고 말했다. <처형된 한국인 명단> 전범으로 처형된 한국출신의 명단은 다음과 같다.(괄호안은 처형 연월일) ▲김영주(46.7.30) ▲백천서(46.9.12) ▲홍사익(46.9.26) ▲강태협(46.11.22) ▲김귀호(46.11.22) ▲장수업(46.11.22) ▲김규언(47.1.9) ▲천광린(47.1.21) ▲김택진(47.1.21) ▲유삼천(47.2.4) ▲박영조(47.2.25) ▲김장녹(47.2.25) ▲조문상(47.2.25) ▲조윤태(47.3.23) ▲차균복(47.5.3) ▲박성근(47.5.5) ▲유천광웅(47.5.25) ▲박형준(47.6.12) ▲임영준(47.7.18) ▲변종윤(47.9.5) ▲박준식(47.9.5) ▲최창선(47.9.5) ▲김수인(48.1.23)","홍사익, 한국인 전범, 전쟁 범죄, 처형, 위령비, 일본"
중앙일보,,홍사익 일군중장 추도식,강범석,1967-09-27,"【동경=강범석특파원】한국인으로 일본 육군중장까지 지내다가 2차대전 후 연합군에 처형되었던 고 홍사익씨의 추도식이 26일 고인의 옛 동료 1백여 명과 고인의 장남 홍국선씨가 참석한가운데 「도꾜」의 「뉴·재팬·호텔」에서 엄수되었다. 일본재향군인회 회장 「우시로꾸」전 육군대장의 주최로 열린 이 추도식에는 전「인도네시아」주둔군 사령관「이마무라·히도시」씨와 재일 거류민단장 이유천씨 등이 나왔고 「사또」수상은 생화를 보냈다. 경기도 안성태생인 홍 중장은 「필리핀」의「칸루방」에 있던 일본 육군포로수용소 소장으로 있을 때 일본인 부하들이 연합군 포로들을 잔인하게 다루었다는 모든 책임을 지고 46년 「필리핀」에서 형이 집행되었다. 홍 장군은 1914년 일본육사를 졸업 후 일본군에 들어가 많은 요직을 맡았고 만주사변 때는 관동군의 참모장교로 크게 활약했었다. 고인의 유족인 미망인 이(60)여사와 장남 국선씨, 차남 현선씨가 서울 수유동에서 살고 있다. ","홍사익, 일본군, 한국인 전범, 추도식, 필리핀, 포로수용소"
동아일보,,태평양 전쟁 때 참전 전범으로 몰려 횡사,,1968-07-27,"태평양 전쟁 때 우리나라 사람으로서 일본 육해군 장교로 복무하다가 종전된 후 전범으로 몰려 연합국 군사재판에서 교수형 또는 총살형을 당했거나 병으로 옥사한 23명의 위패를 봉안, 11년 동안 해마다 봄 가을에 제사를 지내온 일본문화인연합회 대표 고문인 「고미야마」씨(소견산등·53)가 그가 주동이 되어 건립 중인 「한국순직자위령현창비」 제막식에 초청할 전기 23명의 유족 대표를 일본에 보내주도록 교섭하기 위해 8월 13일 내한한다. 평양 전쟁 중 일본 육해군으로 참전한 한국인 수는 20여만 명, 그중 8861명이 전사했고, 전쟁이 끝난 뒤에도 「필리핀」 포로수용소장 홍사익 중장 등 23명의 한국인 장교가 전범자로 몰려 군사재판에서 사형 당했거나 옥사했었다. 전후엔 마땅히 독립된 한국으로 돌아가야 할 이들이 억울하게 전범 재판을 받고 희생된 것을 가슴 아프게 여긴 「고미야마」 씨는 일본 정부가 이들 영령들에게 아무런 위로도 해주지 않은 것에 의분을 느껴 11년 전인 57년 이른 봄 사비로 「교오또」(시)에 있는 호국신사 밑에 이들 23주의 위패를 봉안, 해마다 봄과 가을 두 차례씩 제사를 지내왔다는 것.","홍사익, 한국인 전범, 위령"
동아일보,,횡설수설,,1970-04-25,"신동아 5월호에 나온 '비극의 장군 홍사익'을 보면 인생이란 무엇보다도 기본 방향과 결단이 중요한 것 같다. 그는 2차대전이 끝날 당시 필리핀의 포로수용소장으로 있다가 전범으로 몰려 46년 9월 16일 교수형을 당하였다. 일본군 중장이었으니 친일파로 지목해버리면 그만이겠지만, 그를 잘 아는 사람들의 회고담이나 이번 '신동아'에 나온 글을 읽어보아도 그의 본심은 결코 친일이 아니었다고 한다. 구한말 안성에서 태어난 홍사익은 15세의 소년으로 유년학교에 들어갔다. 문약과 부패로 나라가 망해가는 꼴이 어린 소년의 눈에도 훤히 보였고, 강건한 무력의 필요성을 절실히 느꼈는지도 모른다. 하여튼 유년학교를 거쳐 무관학교에 재학 중 유명한 군대 해산이 있었고, 얼마 안 가 무관학교도 폐지되자 우수한 생도들은 뽑혀서 일본으로 파견되었다. 다시 일본의 육군유년학교를 거쳐 육사에 재학 중에 한일합방이 강행되었으니 청운의 뜻을 품고 무를 닦으러 갔던 그들의 심정은 가히 짐작할 수 있다. 어떤 이는 자결하자 하고 어떤 이는 귀국하여 버리자고 비분강개한 끝에 선배 격인 고 이청천 장군의 충언대로 무는 우선 닦아놓고, 중위로 진급됨과 동시에 일제히 일본 군복을 벗고 독립운동에 투신하기로 하였다고 한다. 사람의 운명은 가지각색이어서 훗날 이때의 이야기대로 실천한 사람도 있고, 반대로 완전무결한 친일파가 되어 버린 사람도 있는가 하면, 홍사익같이 내심으로는 조국을 생각하면서도 그대로 일군에 남아 비극의 최후를 마친 사람도 있다. 홍사익은 근면하고 충실한 인물이었다고 한다. 한국인으로는 왕족을 제외하고 자기 실력으로 일본의 육사에 들어간 유일한 인물이었고, 자기 실력으로 중장까지 올라간 사람이라고 한다. 그러나 단 한 번 여단장을 지냈을 뿐, 소위 만주국에서나 중국의 상해에서나 일본의 침략정책에 이용되었을 뿐, 지휘관 본연의 위치에 앉아본 일이 없고 마침내는 중장이면서 포로수용소장이라는 욕된 자리에 있다가 전 책임을 지고 57세를 일기로 처형되고 말았다. 군문에 들어간 15세에서 계산하면 만 40년의 세월이다. 연전에 일본 도쿄에서는 구 일군 장성들이 모여 그를 추모하는 모임이 있었다고 한다. 그들의 눈으로 보면 신의의 인물이었으리라. 그러나 오늘날 우리의 눈으로 볼 때 그의 생애에 어떤 진가를 찾아야 할지 알 수 없다. 적기에 대결단을 내리지 못한 것이 아쉬울 뿐이다.","홍사익"
동아일보,,추정이갑,,1970-08-20,"일본육사 3기생으로 러일전쟁에 참가했다가 군대 해산을 전후한 군부혁신에 앞장섰고 민족운동에 투신, 만주 망명 중 객사한 '추정이갑' 선생의 전기로 우수작의 영광을 안은 이기동씨(숭문고교 교사 28)는 '신라골품제 형성의 연구'로 지난 봄 서울대 대학원에서 석사학위를 받은 사학도이다. 전공은 고대사지만 ROTC 3기로 복무 중 '1사단사'를 집필한 인연으로 근대 군대사에 관심을 가져 '신동아' 5월호에 2차대전 전범으로 처리된 한국인 장성 '홍사익' 전기를 발표한 바 있으며, 다음에는 '채병덕 장군'을 더듬어 볼 계획이다. 이씨는 학생 티가 가시지 않은 홍안총각이다.","홍사익 전기, 근대 군사사, 신동아 연재"
중앙일보,,(92)김을한|해방에서 환국까지, ,1970-08-22,"불행하게도 교통사고로 죽은「지미·김」(길준)과 그의 부인 그리고 어린 아들의 세 유해는 동경에 있는 미국인 교회에서 영결식을 거행한 후「요꼬하마」(횡빈) 화장 장에서 불살랐다. 그리하여「지미·김」일가의 유골은 그해 8윌 초순에 본국으로 가져다가 부산공동묘지에 매장하였는데 그보다 먼저 영친왕의 마음을 가장 슬프게 한 또 하나의 비극이 있었으니 그것은 홍사익 중장의 사형이었다. 일제의 패전으로 말미암아 학도병으로, 혹은 격용으로 전선에 끌려갔다가 억울한 희생이 된 한국사람은 그 수효를 헤아릴 수 없을 만큼 많지만 홍사익은 그 중에서도 가장 유명하였다. 그는 경기도 안성사람으로 충군애국을 가훈으로 하는 집안에 태어났었다. 그리하여 장래 국가의 간 성이 되고자 유년학교의 생도가 되었으나 미 구해서「한-일 합병」이 되었기 때문에 동기생 34명과 함께 일본 육군사관학교로 전학하여 대한제국의 군인이 되려던 것이 뜻밖에도 일본제국의 간 성이 되는 결과를 초래하고 말았던 것이다. 1915년에 육군사관학교를 졸업하여 소위에 임관되고, l920년에는 육군대학을 졸업하여 소좌가 되었는데 과거의 일본 육군대학은 상당히 들어가기가 힘드는 학교로서 당시 한국사람으로서「육대」를 나온 사람으로는 영친왕과 홍 중장의 두 사람밖에는 없었던 것이다. 따라서 육군대학만 나오면 출세도 빨랐으니 사관학교를 나온 장교는 잘 해야 대좌(지금의 대령) 밖에는 되지 못하건만「육대」만 나오면 중장까지는 미리 약속된 것이나 마찬가지요, 운수가 좋으면 대장도 원수도 될 수가 있는 특권이 있었다. 그러므로 일제시대에 한국사람으로 더구나 순 민간 사람인 홍사익씨가「육대」를 나와서 중장까지 되었다는 것은 하나의 경이라고 할 수 있다. 그만큼 홍중장에게는 비범한 실력이 있었으니 한국사람에게는 절대로 연대장도 주지 않던 그 시대에 여단장을 지내고 참모본부 경제부장, 종합전술학교 부 교장 등의 요직을 역임한 것을 보면 일본 전성시대에 있어서 그의 실력이 얼마나 비상했던 가를 잘 알 수 있다. 홍 중장이「필리핀」포로수용소장으로 임명된 것은 태평양전쟁의 거의 마지막판인 1944년3월로서 만주의 공주 영 전술학교에 있을 때인데 발령을 받자 그는 어찌하면 좋을지를 몰라서 번민하였다. 첫째 그때까지의 관례로는「육대」출신의 중장을 포로수용소장으로 임명한다는 것은 전례가 없는 일일뿐더러, 그보다도 패전이 확실하게된 그때의 포로수용소장으로 부임한다는 것은 후일 반드시 보복을 받을 것이 예상되었기 때문이었다. 더구나 자기는 한국출신이라는 점에서 그는 더욱 주저하였던 것이다. 이것은 나중에 판명된 일이지만 그때 일본군부에서는 연합군의 총 반공으로 전세가 날로 악화해 본토방위에만 급급하였는데 그들이 제일 걱정한 것은 내란이었으며 그 중에서도 한국에서 반란이 일어나지나 않을 까를 가장 우려하였었다. 그것은 당시의 비밀 정보로 조선인의 지원병이나 학도병이 자꾸 탈주하는 사실이 드러났으므로 한국의 인심은 이미 이 반되었으며 어느 날 어느 때에 반기를 들지도 모른다고 추측하였기 때문이었다. 따라서 반란이 난다면 누군가 지도자가 필요할 터인데 만일 홍 중장과 같은 최고의 군사지식을 가진 인물을 수령으로 삼는다면 큰일이라고 해서「도오조」(동조)등의 일본군벌은 홍 중장을 전례에 없는 포로수용소장으로 임명한 것이었다. 말하자면 허울 좋은 추방이었는데「필리핀」으로 부임하기 전에 홍 중장은 서울 본가에 와서 약 한달 동안을 묵었었다. 선조의 성묘를 하고 가족들과도 최후의 작별을 하기 위함이었다. 그후 며칠만 있으면「필리핀」으로 떠난다는 어느 날 저녁에 필자는 동경 제국「호텔」에서 그를 만났었다. 평소부터 존경하는 선배요 또 그의 속마음을 잘 아는 까닭에『「필리핀」으로 가지 말고 광복군이 있는 중경으로 가는 것이 어떠냐?』고 농담 비슷하게 말했더니 그는 엄숙한 표정으로 『이번에 가는 길이 설사 죽는 길이라고 하더라도 그렇게 해서는 안 됩니다. 지금 조선사람이 수백만 명이나 전쟁에 동원되었는데 최고지위에 있다는 내가 만일 그런 일을 한다면 병사들은 물론, 징용된 노무자들까지 보복을 받을 것이니 다만 나 혼자만을 생각해서 그런 경솔한 것은 할 수가 없습니다.』 홍 중장은 이같이 생각이 치밀하고 책임감이 강한 사람이었다. 그러나「필리핀」으로 가서 포로수용 소장으로 있었기 때문에 결국 전쟁범법자로 몰려서 교수형을 받을 것까지는 아마 그자신도 몰랐을 것이다. <계속> ※본보(90)회 기사 중「하지」중장은 제24군단장 겸 주한 미군사령관이 정확하다고 국방부 이규일 작전참모차장의 조언이 있었습니다.","홍사익, 일본군, 한국인 전범, 필리핀, 포로수용소, 육군대학, 책임감"
중앙일보,,(93)김을한|해방에서 환국까지,,1970-08-24,"홍사익 중장은 해방되기 1년 전인 1944년 3월9일에「필리핀」으로 가서 그 다음해 8·15까지 포로수용소장으로 있었는데 그의 불길한 예감은 그대로 들어맞아서 전쟁이 끝나자마자 그는 과연「전범」으로 체포되어 수많은 부하들이 포로를 학대한 죄과로 사형선고를 받기에 이르렀던 것이다. 해방 후 그 소식이 국내에 전해지자 정계의 요인과 사회 유지들이 연명해서 연합군 최고 사령부에 구명 운동을 벌였는데 친일파라면 이를 갈아붙이던 당시의 이승만 박사까지도 그 진정서에 서명을 하였으니 그것은 홍사익 중장이 일본군의 육군 중장이기는 하나 민족적으로 얼마나 많은 기대와 촉망을 받고 있었던가를 말하는 것이었다. 그러나 진정서는 각하 되고 홍 중장은 필경「마닐라」에서 교수형이 되니 때는 1946년 9월26일이었고 그의 나이는 56세였다. 그가 만일 살아있었더라면 우리 나라 국군을 창설하는데 큰 도움이 되었을 것은 다시 말할 것도 없다. 그런데 영친왕과 홍 중장과의 관계에 대해서 이기동씨는『비극의 장군 홍사익』이라는 제목으로 다음과 같이 기술하였다.  <홍사익은 동경에서의 중대장 시절부터 당시 이왕으로 불리던 영친왕 이은씨와 사귀기 시작했다. 영친왕은 그보다 7세 아래였으나 육사에서는 3년 후배였고 육대는 오히려 선배였다. 1923년 11월 육 대를 졸업하고 난 후 동경에 있는 근위 사단의 우위보병 연대에서 중대장을 하고 있었다. 망국의 왕자로서 유달리 조국애에 불타 있던 그가 같은 동경시내에서 중대장을 하고 있는 동포 홍 대위에 대하여 관심을 갖게 된 것은 당연한 일이었을 것이다. 홍 대위가 육군대학에 입학하게되자 그는 더욱 관심을 갖고 사귀게 되었다. 영친왕은 그를 남달리 유능한 군인으로 보았고 조국에 대한 애국심도 투철한 것을 알았던 것이다. 당시 영친왕은 내면적으로 고독한때였다. 오랫동안 그를 돌보아 주던 조동윤이 1923년에 죽었던 것이다. 조동윤은 구한말의 젊은 장군시절부터 동궁무관장의 자격으로 영친왕을 보좌해 왔었다. 그 공로로 한일합병이 될 때에 남작을 받기도 했지만 그는 20여 년을 성실하게 영친왕을 위해서 일해왔던 것이다. 홍사익으로 서는 이 망국의 고독한 왕자에게서 자신의 처지와 비슷한 것을 느꼈을 것이다. 자신도 망국의 유복자가 아니었던가. 그들은 곧 지기처럼 사귀게 되었다. 영친왕은 당시 황족에 준하는 대우를 받고 있었기 때문에 진급도 빨랐고 참모본부 근무와 같은 최고의 보직을 받고 있었다. 그는 1927년 홍사익 보다도 먼저 소좌로 진급하였고 자기의 상급자인 두 사람의 대좌를 수행원으로 동반하고 구라파를 여행한 후 다음해 봄에 돌아왔다. 홍사익은 1930년 8월에는 소좌로 진급했으나 식민지 출신이라는「핸디캡」은 이때부터 따라다니기 시작하여 좋은 보직을 받을 수 없었다. 어느 정도의 배경을 가진 육대 출신의 장교라면 육군성의 군무 국이나 참모본부의 제1부(일본에서는 작전참모부를 가리킨다) 에서 근무할 수 있었을 것이나 이것은 그로서 바랄 수 없는 것이라고 하더라도 그에게는 적어도 대대장의 자리는 주어져야 했을 것이다. 그러나 그에게는 이 자리도 주어지지 않았고 연대 부라는 한직으로 이리저리 옮겨졌다. 영친왕 자신은 대대장으로 사단장과도 개인적으로는 술을 마실 수가 있는 형편이었으나 그를 후원하기에는 아직 계급과 관록이 모자랐다. 이러는 동안 1933년 봄에 홍사익은 뜻밖에 만주로 전출되었다. 일본의 대륙침략 음모가 태동되었던 이 시기에 그에게 내려진 전출 명령은 장춘(나중의 신경)에 자리잡고있는 관동군 사령부 부라는 것이었다. 1931년 가을에 만주사변을 일으킨 관동 군이 만주 국을 만든 지 1주년이 되던 해였다! 홍사익 중장이 산하 봉문 대장 등 일본의 전범과 함께「마닐라」군사 법정에서 사형선고를 받은 것은 1946변 1월이었는데 교수형이 집행된 것은 8개월 후였다. 구명의 진정서를 검토하느라고 시일이 걸린 모양인데 그는 기념으로「진인사·대천명」이라는 여섯 글자를 써 놓고는 조용히 사형대로 올라갔다고 한다. 영친왕은 홍 중장의 죽음을 마치 골육이 사형을 당한 듯이 몹시 슬퍼하였으나 1967년 9월26일 과거 일본 육군의 장성들이 동경에 모여서「홍사익 장군의 추도회」를 개최했을 때에는 영친왕은 불치의 병을 품은 채 환국하여 성모병원에서 아무 것도 모르고 누워 있었다."
중앙일보,,(94)김을한|해방에서 환국까지, ,1970-08-25,"그같이「지미·김」(길준) 이나 홍사익 중장의 불행한 최후는 영친왕에게 크나큰 타격을 주었거니와 그 보다도 더욱 영친왕을 놀라게 하고 또 슬프게 한 것은 상해 임시정부가 와해되고 그사이 수많은 지도자들이 연거푸 쓰러진 일이었다. 1933년 4월 29일의 일이었다. 상해 홍구 공원에서는 일황「유인」의 생일 (그들의 천장절)을 축하하느라고 굉장한 식전이 벌어지고 있었다. 일본군문의 침략정책으로 소위 상해사변이 발발한 직후이므로 일제는 그 무기를 과시하기 위해서도 이날의 식전을 더욱 성대히 하려고 하였었다. 그러하여 당시 상해에 있는 일본거류민들이 모두 참집한 것은 물론이요, 수천 장병이 보무도 당당하게 관 병 식을 거행하였었다. 식장 단상에는 일본의 유명한 군벌과 관료들이 죽 늘어앉았는데 군중 속으로부터 무엇인가를 던지는 사람이 하나 있었다. 이윽고 큰 폭음과 함께 단상의 모든 사람이 쓰러지게 되니 봉축식장은 갑자기 아비규환의 수라장으로 변하여 큰 소동이 일어났었다. 결국 일본헌병이 범인을 잡고 보니 한국인 윤봉길 의사가 수류탄을 먼진 것이 판명되었으며 이로 말미암아「시로까와」(구천) 육군대장과 일본 거류민단장은 즉사하고「노무라」(야촌) 해군대장은 한눈이 멀고「우에무라」(식촌)육군대장과「시게미쓰」(중광)공사는 각각 한쪽 다리가 부러지고 말았다. 윤봉길 의사는 충남기산 사람으로 상해로 건너가 일본 사람이 경영하는 세탁소 점원으로 있던 중에 김구선생의 감화를 받게되어 마침내 그와 같은 대 사건을 일으킨 것이었다. 그리하여 그때까지는「임정」에 대해서 그다지 큰 관심이 없었던 중국의 관민으로 이 일이 있은 후부터는 자기들의 원수를 대신 갚아준 것이라고 해서 「임정」이나 한국사람에 대한 인식이 달라졌으며 임정요인들의 생활비를 대어주고 또 상해에서 중경으로 천도할 때에는 임정도 함께 데리고 갔으니 윤봉길 의사의 수류탄 한발은 한국 청년의 독립정신을 전 세계에 과시하고 「임정」으로 하여금 기사회생의 계기가 되게 하였던 것이다. 영친왕이 상해임시정부에 대해서 더욱 큰 관심을 갖게 된 것도 역시 전기 윤봉길 사건이 계기가 된 것이었다. 김구선생은 청년 시대에 고향인 황해도 안악에서 나라의 어머니인 명성황후를 죽인 원수라고 해서 일본인 헌병을 때려죽이고 인천감옥에서 사형선고를 받은 것을 고종황제의 특사로 살아 나온 만큼「구 왕실」에 대해서는 항상 특별한 관심이 있었으며 지난날 영친왕 부처가 구라파 여행을 할 때에는 만일 상하에 상륙만 하면 일제로부터 구출코자 독립 단원들을 모아서 결사대까지 조직하였던 것이다. 그런데 상행 임시정부에 김구씨 뿐 아니라 구한국시대에 고관을 지내어「구 황실」이나 영친왕에 대해서는 남 유다른 감회를 가진 사람이 많았으니 이시형·이동령·조완구·김의진·홍진씨 등이 즉 그들이다. 상해 임시정부가 해방된 조국에 개선한 것은 l945년 10월 23일이었는데 그것은 본국에 돌아오는데도 정치에는 직접. 관여하지를 않는다는 조건으로 미군정당국과 타협한 연후에야 겨우 이루어진 것이었다. 당시 상해나 일본에서 발행되는 영자신문에서는「임정」의 환국을『27년간 고투의 승리』라고 말했으나 실상인즉 현실정치에는 아무 실권도 없는 한갓 명목만의 개선이었던 것이다. 그러나 영친왕은 마음속 깊이「임정」에 큰 관심을 가졌었고 성재 이시영 선생이 인편에 『전하께서는 우리 정부가 수립될 때까지 지금까지의 일본과의 공식관계를 일체 끊고 고요히 그 시기를 기다리소서』라는 전언도 있고 해서 은근히 기대를 걸었었는데 그후 백범 김구 선생은 평생의 동지였던 이승만 박사와 견해를 달리하여 이 박사는『우선 남한만이라도 독립하자』는 데 대해서 백범선생은 끝까지 남북협상을 주장하다가 1949년 6월 26일 흉한의 총탄으로 말미암아 한 많은 세상을 떠나고 말았다. 이로써 8·15해방에서 대한민국이 탄생될 전후를 통해서 가장 유명했던 지도자들을 모두 잃게 되었으니 국내에 있던 인사로는 고하 송진우, 설산 장덕수, 몽장 여운형의 3인이요, 해외에서 들어온 이로는 백범 김구선생이 바로 그 사람이었던 것이다. 그리고 송진우씨는 반탁운동으로, 장덕수씨는 미-소 공동위원회 문제로, 김구선생은 남-북 협상문제로 각각 희생된 것이었다. 그후 남한만의 단독 정부가 수립된 것을 보고 영친왕은 그렇지 않아도 38선으로 불길한 예감이 들었던 생각이 더욱 불안하게 되었다.","홍사익, 영친왕, 상해임시정부, 윤봉길, 한국독립, 지도자희생, 해방"
조선일보,,스케일이 큰 중편.... 역사 속의 인간 다뤄,,1976-07-27,"홍= 결국 '외면'의 핵심이 되는 하야시의 만행과 그 근원은 모리의 야비하고도 독살스러운 일인 근성과 하야시의 뚱딴지 같은 야망, 어리석음, 무지로 밝혀지면서, 이 두 가지 사건의 흐름이 혹은 별개로, 혹은 하나의 사건으로 펼쳐지는데, 모리는 하야시의 보복에 의해 처단되고, 하야시는 역사와 민족에 대한 최초의 기본적인 자각(한국인이 일본인으로 결코 동화될 수 없다는)을 거치면서 죽음에 이른다. 만약 홍사익을 주인공으로 했다면 작품은 전혀 달라졌을 것이다. 김= 선우휘씨 자신이 말하고 있는 것처럼 이 작품을 계기로 앞으로 창작 활동이 더욱 왕성해졌으면 하고, 다음 작품에 기대를 걸어보고 싶다.","역사 소설, 인물 중심 서사, 창작 평론"
경향신문,,세월이여 왕조여 조선조 마지막 황태자비 이방자 여사 회고록,,1984-09-12,"6.25가 나자 동경의 연합군 최고사령부는 전하를 한국의 국방관계에 참여시킬 생각을 은근히 했던 모양이다. 당시 한국 사람 중에는 전략을 제대로 공부한 사람이 없고 전하와 홍사익 중장 두 사람만이 일본육군대학에서 군사학을 제대로 공부하고 용병 작전의 경험이 있었는데 홍중장은 불행히도 필리핀에서 태평양전쟁의 전범으로 몰려 사형을 당했기 때문에 남은 사람은 전하 혼자였다. 더우기 전하는 보불전쟁사의 권위이므로 그런 생각을 했던 모양이다.","회고록, 군사학, 전쟁사"
동아일보,,◇重建된「三韓山斗」碑 제막식에참석하고 비석앞에서 기념 촬영한 삼학사의 후손들,,1986-01-30,"◇重建된「三韓山斗」碑 제막식에 참석하고 비석 앞에서 기념 촬영한 삼학사의 후손들. 오른쪽부터 洪思翊(횻날 일본육군중장·당시 관동군 사령부참모장), 吳學根, 洪承浩, 吳重根, 吳世英, 吳世民 제씨.","기념행사, 후손, 홍사익"
조선일보,,新銳 대거 진출「의욕무대」예고,,1989-08-22,"현대예술극장의 「번제의 시간」 (최불암, 윤승원 등 출연)은 일제하에서 육군중장을 지냈다가 일본의 패전 후 전범으로 재판받고 냉소 속에 비극적으로 인생을 마감한 홍사익의 일생을 그렸으며.","연극, 홍사익, 전범, 비극"
조선일보,,"서울연극제 참가 「燔祭의시간」 연출 美서 20년만에 귀국 정일성씨",,1989-09-07,"이번작품 「번제의 시간』 은일제시대에 한국인으로서는유일하게 일본육군 중 장까지지냈다가 45년 연합국 전범재판에서 사형을 선고 받고처형됐던 홍사익 의 이야기. 이 연극은 홍사익의 일대기도 아니고 그를 재평가하려는 무대도 아닙니다. 식민지치하라는 특수한 역사적상황에서 시류를 따르다 결국 교수대에 올랐던 그 가 죽음앞에서 어떤 자각에 이르렀을까를 파헤치는 「인간탐구』 의 무대입니다. 따라서 그는 법정장면이대부분인 이번공연에서 장치와 조명, 의상에 이르기까 지자연주의적인 일상성을 배제하고 관객과의 소리없는 대화로 「문제」 에 대한 성찰과 상상을 유도하는 마당을만들겠다고했다. 그것은 『연극의 특성은 무엇 을 보여주는것이 아니라 문제를 탐구하게 하는 것이며 이특성을 살리는 것만이 연극의 살길』 이라는 그의 지론 때문이다.","정일성, 번제의 시간"
동아일보,,연극舞臺 11년만에 서는 崔佛岩씨 ""韓國人 얼 나타내는 연기자가 필생의 꿈"" , ,1989-10-03,TV의 대표적 스타인&1(최불암)씨(49)가 11년만에연극무대에 섰다. 4일 부터 9일까지(오후4시반7시반)문예회관 대극장에서공연중인 현대예술극장의 서울연극제참가작 「번제의시간』 (노경식 정일성연출)에서 주인공 홍사익 장군역에 출연하고 있는것. "연극이란 (도)를닦는 자세로 해야 하는데 그럴 여건이 못돼 무대에 서지못 했으나 옛날 호흡을 맞췄던정일성씨가 미국유학을 마치고 20년만에 이 작품연 출을 맡게돼 서로 연극에의 열정을 확인코자 나섰습니다 최씨는 78년 「베니스의상인』 에 출연한후 연극무대에 서지 않았으나 * 홍사익역이 꼭 해보고싶어 출연하게 됐다고 말했다. 이번 연극에서 저는 일제 식민치하에서 일본군장성으로 있다 패전후 1급 전범 자로 처형당한 한국인 홍사익 역을 맡습니다. 홍사익의 운명은 그자신 의 선택임을 제시해주는내용으로 오늘의 시점에서도 시사하는 바가 크다고봅 니다 최씨는 친일파가 역사적으로 정리되지 않은 것이오늘의 상황을 더욱 꼬이 게 하고 있어 이 연극을무대에 올렸다면서 연기자로서 한국인상을 부각시키는 게 필생의 작업이라고말했다. 미국의 연기자 하면 개척적인 미국정신을 대표하는 존웨인 게리 쿠퍼를 들듯 한국정신을 대표하는연기자로 「((최불암)」 이 떠오르도록 하려고 노력 합니다. 나의 연기특징을 질그릇에 비유하는 사람도 있으나 가부장적이면서 자 애로운것을 제 연기컬러로세워나가고 있습니다. 그러나 뜻대로 되지않아 안타 깝습니다","연극, 홍사익, 최불암, 친일파, 한국정신"
조선일보,,洪사익장군 探究무대「번제의 시간」4~9일, ,1989-10-05,"서울연극제의 마지막 공연인 극단 현대예술극장의 「번제의 시간』 (노경식 작)이 4일부터 9일까지 문예회관 대극장무대에 오른다. 일제시대 조선인 으로서는 유일하게 일본군장성에까지 몰랐던 홍사익의 이야기를 그린 작품.일 본의패전후 처형당했던 그가죽음앞에서어떠한 자각에 이르렀을까를 파헤친 인물탐구의 연극이다. 재미연출가 정일성씨가 20여년만에 고국무대에서 연출을 맡았고, 최불암씨가 10여년만에연극무대로돌아와 홍장군역을 열연 한다. 개막은 4시30분,7시30분.","번제의 시간, 홍사익, 서울연극제"
매일경제,,탤런트 崔佛岩 「수사반장」20년 긍지 느껴, ,1989-10-06,"그는 요즘 변신을 꾀하고 있다. 12년만에 연기의고향인 연극무대로 돌아와구 슬땀을 흘리고 있는 것이다. 그가 대표직을 맡고있는 현대예술극장의 제 13회 서울연극제 참가작 「번제의 시간』 에서후로시(한국인)으로선 유일하게 B*( 일본)군인이된홍사익역을 맡아 멸연하고있다. ""오랜만에 연극에 출연하니 TV와는 달리 또 다른긴장감이 오는군요""라며그는 TV의 메커니즘에가려졌던 살아있는 연기를온몸으로 보여주겠다고 특유의 웃 음을 짓는다.","연극, 홍사익, 최불암, 서울연극제, 현대예술극장"
매일경제,,「번제의 시간」극단 현대예술극장, ,1989-10-07,"「번제의 시간」 극단 현대예술극장 시대상황이 만든 한 인간의 고뇌 노경식작,정일성연출의 「번제의 시간』 은 극단현대예술극장이 창단 처음으로 서울연극제에 참가한 작품이다. 「번제의 시간」 은 조선인으로서 일본군장성 에까지 오른홍사익장군이 2차대전 종료후 마닐라전범재판소에서 사형된 사건 을 극화했다. 극진행이 재판과정으로 엮어진 이 작품은 장치와 조명,의상등이 자연주의적 일 상성을 배제한가운데 인물에포커스를 맞추고 있다. 즉 관객으로 하여금 비판적의식을 일깨워주는 일종의서사극수법을 취하고 있 는것이다. 무대는 45년 태평양전쟁후마닐라에서 열리는 미영연합국 전범재판소. 일본제국의 육군중장 홍사익은 한국인으로서는 유일하게 일본군의 병참총감 겸 포로관리소장이 된다. 그는 직책에 따라 수많은 미군포로및 민간인 억류자를 고문, 학살한다. 그러던중 일본이패망하자 그는 제네바국제조약을 위 반했다는 혐의로군사법정에 기소된다. 연출자 정일성씨는""민족과 나라를 외면한채 거대한 탁류 속을 헤엄칠 수밖에 없 었던 한 인간의 고뇌와 시대의 아픔을 그렸다""고 연출의도를 밝히고 있다.","연극, 홍사익, 현대예술극장, 서울연극제, 마닐라 전범재판"
한겨레,,극단 현대예술극장 '번제의 시간',,1989.10.07,"극단 현대예술극장 '번제의 시간' 역사'희생양'의 고뇌 다뤄 제13회 서울연극제의 막을 내리는 것은 극단 현대예술극장의 <번제의 시간> (노경식 작·정일성 연출·9일까지 문예회관 대극장)이다.\n이 작품은 홍사익(최불암 분)이라는 실제인물의 행적을 기초로 작가가 재구성 한 반사실극이다.\n홍사익(1889~1946)은 태평양전쟁 당시 필리핀의 일본군 병참총감이자 연합군포로 관리소장을 지냈다가 종전후 포로와 민간인 억류자들을 학대·학살했다는 혐의로 기소돼 전범재판에서 사형을 선고받고 교수형에 처해진 조선 출신의 일본제국육군 중장이다.\n그는 독립운동가 이청천과 일본육사 동기였지만 자신의 절친했던 벗과는 다른 길을 택해 그의 새로운 조국에 열성적으로 복무함으로써, 이 왕족을 제외하고는 유일한 조선인 출신 일본군 장성이 된 사람인 것이다.\n기록에 따르면 홍사익은 자신의 재판과정 중 초지일관 묵비권을 행사했다고 하는데, 작가는 이 점에 착안하여 침묵하는 홍사익의 속마음을 들여다보려고 시도하고 있다.\n작품의 표제와 내용이 가리키는 작가와 연출가의 생각을 받아들인다면, 홍사익이 침묵으로 견뎌낸 재판과정의 시간은 그 자신에게는 '번제의 시간'이다.\n‘번제’란 구약시대의 유태인이 속죄제나 안식일에 야훼에게 올리던 제사의 하나로, 이 제사 때에는 짐승을 통째로 구워 제물로 바쳤다고 한다.\n그러니까 전범재판이 속죄의식으로서의 번제라면, 홍사익은 이 번제의 제상에 오르는 희생양이 되는 셈이다.\n만주 길림성 소재 군관학교 부교장으로 있던 홍사익을 데라우치 원수와 야마시타 대장이 필리핀으로 데려오는 과정을 포함해서, 홍사익이 대속물이었음을 암시하기 위한 작가와 연출가의 배려는 작품 군데군데 박혀있다.\n작자는 홍사익이 느꼈을 개인적 갈등과 고뇌를 섬세한 이해의 손길로 감싸려고 노력하고 있다.\n그 이해하려는 집념 때문에 빠질 수 있는 '몰역사의 함정'에 대한 경계가 이 작품에서 눈에 띄지 않는 것은 아니지만, 그것이 냉철한 관객이 요구하는 양만큼 충분한 것은 아니다.","홍사익, 연극, 번제의 시간"
조선일보,,李圭泰 코너 韓-日 士官 交流,,1990-03-15,"물론,이 육군 사관학교 유학생가운데에는 노백린 이갑 유동열 같은 독립운동을 한 지사들도 없 지 않으나 거의가 친일장교로 합방에 공헌했고 합방 후에도 장성으로 영화를 누리고 있다. 2차 대전후 전범으로 형사를 당한 홍사익중장도 무관학교 재학중 유학, 일본육사를 나온 분이다. 일전 한 일본 신문이 보도하길한국과 일본의 육해공군 간부 생도들을 상호유학시키는 교류계획을 추진하고있다 한다. 동북아시아에서의 단계적 미군 철수 에 대비한 공동 방위체제가 그 명분이라 한다. 그런 명분이라면 나쁠것도 없다. 하지만 명분 뒤의 저의에 속아온 우리로서 역사적 알레르기를 금할 수 없음을 지적해두고 싶을 따름인 것이다.","일본 육군사관학교, 친일장교, 홍사익, 한국-일본 군사교류"
한국일보,,“태평양전쟁책임 아직 끝나지 않았다”(대일 보상청구운동 확산:1),,1990-03-30,"◎누명쓴 전범:상/한국인 백48명… 23명은 처형돼/전쟁중에 강제징집 「포로감시」 악역맡아/항변 한번 못하고 수인생활… 일선 발뺌만 일본의 전후처리는 결코 끝나지 않았다. 광복 45년의 해에 일본의 전쟁책임을 묻는 한국인 피해자들과 유족들의 목소리가 새삼스레 높아가고 최근 일본의 지식인 61명이 일본국회에 대한 공식 사과를 강력히 촉구하고 나선 것도 그 때문이다. 한국인 피해자들의 집단행동을 계기로 태평양전쟁 피해자들의 목소리를 모으고 피해진상을 밝히는 시리즈를 연재한다.【편집자주】 도대체 한국인이 어떻게 해서 일제가 일으킨 태평양전쟁의 전범으로 몰려 사형당하고 장기투옥되는 일이 있을 수 있는가. 태평양전쟁이 한창이던 42년 동남아지역 연합군포로수용소의 감시원으로 끌려갔다가 종전후 BㆍC급 전범으로 몰려 형사처벌을 받은 한국출신 군속들의 모임인 동진회(회장 문태복)는 피울음같은 항변을 30년이 넘도록 계속해왔으나 일본정부는 물론 한국정부도 못들은 체하고 있다. 일본을 위해 일하다가 전범이 됐다고 해서 고국으로 돌아오지도 못하고 일본땅에 내팽개쳐진 동진회 회원은 생존자 36명과 유족12세대를 합쳐 38세대로 확인되고 있다. 그동안 일본정부를 상대로 석방청구소송과 보상요구등 메아리없는 외침을 계속해오다 다시 손해배상 청구소송을 제기하기 위해 한국정부의 지원을 촉구하는 청원서를 작성해 놓고 있다. 2차대전에서 승리한 미ㆍ영ㆍ불 등 연합국은 전쟁을 일으킨 일본에 대해 그 책임을 물었다. 전범은 AㆍBㆍC급으로 나뉘어 재판을 받았는데 A급 전범으로 사형을 선고받아 형이 집행된 일본인은 7명에 불과했지만 BㆍC급으로 몰려 처형된 한국인은 23명이나 됐다. BㆍC급은 특정 지역에서 통상적 전쟁범죄를 범해 각국의 군사재판에 회부돼 유죄판결을 받은 사람들이다. 당시 49개소에 설치된 각국재판소에서 유죄판결을 받은 전범은 5천7백여명으로 집계돼 있는데 이 가운데 한국인 1백48명이 포함돼 있었다. 이 1백48명중 일본군 제14방면군 병참총감이었던 홍사익중장(사형)과 강제지원병 2명 등(유기형) 군인 3명과 중국에서 통역으로 징용된 16명(사형 8명 징역형 8명)을 제외한 1백29명이 포로감시원으로 징집된 군속들. 이들중 14명이 사형선고를 받아 이국땅에서 처형됐고 1백15명이 10년이상의 장기형을 선고받았다. 42년6월 조선땅에서 모집이란 미명하에 사실상 강제 징집된 소위 포로감시원은 모두 3천여명. 전범재판에서 사형선고를 받았다 20년으로 감형돼 싱가포르 창기형무소와 일본 스가모 형무소를 거쳐 56년 출소한 이학렬씨(65ㆍ히바리카오카 시)는 사실상 강제로 끌려가 보수도 제대로 받지 못하고 억울한 누명까지 썼다고 말했다. 그는 17세 때 「남방군 파견군속」 모집에 응했다. 판임관대우에다 당시로는 큰 돈인 50원이란 급료도 솔깃했지만 전남 보성에서 보통학교를 나와 집안일을 돕던 그로서는 끌려갈 게 뻔한 징병이나 징용을 피할 수 있는 기회였다. 면에 할당된 징용대상자 명부에서 빠져나가려면 그길밖에 없었으므로 사실상 강제모집이나 다름없었다. 이렇게 모집된 3천여명의 청년들은 42년 6월12일부터 부산 서면에 있던 노구치(야구) 부대에서 2개월간 혹독한 훈련을 받게 된다. 당시의 훈련에 대해 동진회 회원들은 『총쏘는 법과 상관의 명령에 대한 절대복종만을 배웠을 뿐 포로처우등에 관한 제네바국제조약 내용같은 것은 한마디도 듣지 못했다』고 증언한다. 오히려 포로가 되는 것이 황국신민으로서 최고의 수치라는 『전진훈』이 이들에게 주입됐고 이는 훗날 이들을 비운으로 몰고 가는 한 요인이 됐다. 자신들의 운명도 모른 채 20세 전후의 한국청년 3천명은 2개월후인 8월19일 9척의 선단에 나누어 타고 2주간의 항해끝에 태국(8백명) 말레이시아(8백명) 자바지역(1천4백명)에 분산된 연합군 포로수용소에 배속됐다. 이들에게 부여된 임무는 정글의 늪속에서 식량의 절대부족과 의약품의 결핍이란 극한 상황에서 일본군의 혹독한 지시아래 포로들을 독려 철도와 비행장 항만 등을 건설하는 일이었다. 포로들의 엄청난 사망은 예기돼 있었고 그 책임은 후에 고스란히 포로들과 밤낮으로 피부를 맞대고 있던 포로감시원에 돌아왔다. 태국지역의 연합군 포로 5만5천명은 영화 「콰이강의 다리」로 유명해진 태국­버마간 4백14.19㎞의 태면철도 건설에 동원됐다. 영ㆍ인 연합군을 격퇴하기 위해 당초 5년여로 계획했던 공기를 1년2개월로 단축시켜 완공시킨 이 공사에서만 연합군 포로 1만3천명이 숨져갔다. 포로사망률 25% 현지인노무자 사망률 50%라는 수치가 말하듯 이 공사에는 「침목 1개에 사망자 1명」 「죽음의 철로」라는 이름이 붙여졌을 정도다. 이 죽음의 현장에서 포로감시원의 생활조건은 포로들과 다를 바 없었다. 철도공사 책임을 맡은 일본군 철도대와 포로수용소 장교및 하사관들은 포로 한사람이라도 더 공사에 투입하려고 눈에 불을 켰고 감시원들은 중환자들을 노역에서 면제시키려 애썼지만 헛수고였다. 동진회 회장 문씨는 『영양실조로 피골이 상접한 포로들의 실정을 호소하다가 목도로 두들겨 맞은 사람이 부지기수였다』고 말했다. 그러나 일본의 패전으로 전쟁이 끝나 연합군의 전범 재판이 시작되자 한국인 감시원들 상당수가 포로학대 혐의를 받게 됐다. 일본군은 포로학대는 모르는 일이라고 발뺌한 데다 포로들과 온종일 접촉한 사람들은 대개가 한국인 감시원들이었던 것이다. 재판이란 것은 「뺨 한대 때린 죄가 징역10년」이란 식의 인민재판형식이었으므로 항변조차 제대로 할 수 없었다. 사형을 면한 사람들은 싱가포르 창기형무소에서 일본 동경 스가모(소압) 형무소로 이감돼 억울한 옥살이를 하다가 50년대에 대부분 석방됐다. 그러나 일본은 자국전범자들에게는 갖가지 원호법을 적용시켜 보상금을 주고 생계지원비까지 지급하고 있으면서도 한국인 전범출신자들의 보상요구는 철저히 외면해왔다. 일본이 일으킨 전쟁때문에 전범이란 오명을 쓴 식민지 사람들의 피맺힌 목소리를 외면하면서도 일본은 전후처리가 끝났다고 말할 수 있느냐고 동진회 사람들은 묻고 있다.【동경=최규식기자】","태평양전쟁, 강제징집, 한국인 전범, 포로감시원, 일본 전후처리, 보상청구"
조선일보,,李圭泰 코너 어떤 韓国人의 주검,,1991-09-07,"여기 별이 들지않은 응달에서 민족이 입은 상처의 여독을앓다가 죽어간 식물 인간이 있다. 지난주 일본 지바 국립요양소에서 78세로 죽어간이 이영길씨-.2차대전중 일본군의 포로수용소 감시원으로 일하다 가 전후에 포로학대로 10년징역형을 받고목살이를 해야했던 이씨는 1947 년 정신분열증으로 기억력을 상실 요양소에 수용돼왔다. 그후 죽기까지 44년간 인생시계를 멈춘 채그저 목석처럼 있어온 기구한조각같 은 인생이다. 이씨는 1942년에 강제징병되어 고향에 아내와두딸을 남긴채 수마트라에 건너가 네덜란드병사 포로감시원으로 일했었다. 전범으로 자카르타형무소에 복역중 어느날갑자기 어린두딸이 애비를 원망하고있다는 말을 마지막으로 두손으로 머리를 감싼채 말을 상실하였다. 그후 44년동안 말한마디 하지못하고 멍하니 창밖의 하늘만바라보다 죽어간것이다. 같은 감방에 갇혔던 전범 문제연씨는 말을 잃기 전에 시간만 나면 딸이야기를 자주했다한다. 같은 처지의 전범출신30명이 만든 동진회에서 는 이씨의 고향과 육친과 그리고 그 딸을 찾았으나 아직찾지못하고 다만 북한에 남아있을 것으로 추정하고 있을 따름이라 한다. 2차대전의 종전에 즈음하여연합군 수뇌가 뭣보다 신경을썼던 것은 포로문제 였다. 포츠담선언 제 10조에 보면 「우리들의 포로를 학대한 자를 포함한일체의 전쟁범죄인에 대해서는엄중한 처벌이 가해져야 한다」 고 돼있다. 이 연합군측의 포로를 둔 인도주의를 사전에 알고 있었던일본 군부는 포로를 다루는 최일선의 악업은 가급적 한국사람을 골라 떠맡겼던 것이다. 영친왕 이은과 더불어 단 두사람의 육군중장이던 홍사익을 포로수용소장을 시켜 전범으로 처형당하게 한 것도 그일환임은 알려진 사실이다. 강제로 나라를 빼앗아 강제로 사람을 끌어다가 강제로 악업을 골라 시켜 옥살이를 불가피하게하여 발광하지않을수 없게 한것이니 우리민족을 메치고 업어 치고 헤집고 찢고 발겼음이 새삼 피를 역상케하고 있다. 정신대로 강제징발되어 배설물의 용기가 된-그래서 말못하 고 있는 숱한 여인들,포로감시원으로 강제징발당해 전쟁책임을 둘러 쓴 채말 못 하고 있는 숱한 사나이들이 이렇게 처절하게 죽어가야만 하는가 통탄할 노릇이다.","이영길, 포로수용소, 포로학대, 정신분열증, 일본군, 전범"
동아일보,,日軍(일군)중장 홍사익 논란의 삶 소설화,,1995.07.05,"일군 중장 홍사익 논란의 삶 소설화\n유현종씨 장편 「제국의 별」 펴내\n작가 유현종씨가 한일합방 이전 대한제국의 국비유학생으로 일본 육사에 입학한 동기생들의 운명을 다룬 장편 「제국의 별」을 펴냈다. 우석 간.\n이들 중에는 훗날 독립운동의 큰 산이 되었던 이청천을 비롯, 광복운동에 헌신했던 시인 박시찬, 교직의 길을 걸었던 김준원, 일본군에서 장군이 됐던 홍사익 등이 있는데, 작가는 이 가운데 훗날 일본 육군중장으로까지 진급했던 홍사익을 가장 논란이 많은 인물로 주목하며 소설을 전개하고 있다.\n작가는 『해방되던 해 어른들의 입을 통해 홍사익의 존재를 알게 됐다』며 「그가 흔치 않은 식민지 출신 장성으로서 겪었을 고뇌를 생각하자 언젠가 소설로 옮겨야겠다는 생각을 했다」고 밝혔다.\n홍사익은 영친왕과 같은 시기에 일본 육사에 재학했는데, 일제는 그를 「어학우」라는 이름으로 영친왕의 유일한 학우로 지내게 하며 정책적으로 육성했다.\n그 이유에 대해 유씨는 「홍사익이 일본 육사 내에서 발군의 실력을 보인 데다 일제가 식민지 청년들도 출세할 수 있다는 표본을 만들어내기 위해서였다」고 말했다.\n그러나 유씨는 「홍사익의 내면에는 식민지 청년으로서 민족적 갈등도 있었던 것 같다」고 말했다.\n소설은 국보법 위반으로 투옥된 한 신기료 장수가 취조당하는 과정에서 자신의 부친이 일본 육사 출신의 박시찬임을 알게 되어 아버지의 일기장을 손에 넣는 데서 시작된다.\n박시찬은 「신단수」라는 필명의 실존 시인으로 이청천과 홍사익 사이를 오가며 독립운동을 펼쳤던 인물이다.\n그의 행적을 통해 소설은 대조적인 인생을 살았던 이청천과 홍사익의 운명을 그린다.\n일본 패망 후 홍사익은 동기생 등에 의해 구명운동이 있었으나 전범으로 처형돼 그의 위패는 일본 야스쿠니 신사에 일본군 중장으로서 남아 있다.","홍사익, 제국의 별, 유현종, 소설"
경향신문,,"日軍(일군) 중장 지낸 한국인 홍사익 파란만장한 삶과 고뇌","",1995-07-08,"중진작가 유현종씨(56)가 장편 「제국의 별」(우석 간·전4권)을 펴냈다. 이 장편은 한일합방 직후 국비유학생으로 일본 육사에 입학한 동기생들의 파란만장한 삶과 고뇌를 그리고 있다. 1910년 경술국치 이후 조선무관학교를 폐교시킨 일제는 생도들 중에서 뛰어난 몇 명을 선발, 일본 육사에 입학시킨다. 청산리대첩의 주역인 광복군 사령관 이청천, 인질로 끌려간 고종의 셋째 아들 영친왕 이은, 건국 후 한국군 준장으로 전역한 김준원(김정렬 전 총리의 부친), 그리고 이 소설의 주인공인 홍사익 등이 그들이다. 홍사익은 일본 육사를 우등으로 졸업하고 육군 중장으로 승진, 필리핀 포로수용소장으로 일본 패망을 맞았고 전범재판에 회부돼 형장의 이슬로 사라진 인물이다. 유씨는 “홍사익은 창씨개명을 거부했고, 일어로 편지를 보낸 아내에게 한글로 쓰라고 타이르기도 하는 등 민족주의적 색채를 지니고 있었다. 그는 조선인도 출세할 수 있다는 사례를 보여주기 위해 일제에 의해 선택된 사람이었다. 그를 옹호하고 싶지는 않지만 친일분자로 비난만 하고 말 인물은 아니다”고 말한다. 그의 행적을 쫓아서 일본과 필리핀을 뒤지고 다녔다. 전범 홍사익을 지켜보았던 일본인 가타야마 고지를 찾아내 증언을 들었고 전범재판 기록을 샅샅이 뒤졌다. 대한제국 군인에서 하루아침에 「황군 장교 후보생」으로 변신해야 했던 사람들. 일군을 탈출해 광복군이 된 이청천과 일군에 남기를 선택했던 홍사익의 첨예한 대립. 일본·중국 등지에서 비밀결사를 조직해 활발하게 항일투쟁을 전개한 군인·학생들과 그들을 뒤쫓는 일제 당국. 별로 알려지지 않은 역사를 배우는 재미와 함께 유씨 특유의 박진감 넘치는 문체로 읽는 맛을 더해준다. 홍사익의 위패는 일각료들의 참배 여부로 말썽을 빚는 야스쿠니신사에 남아 있다. 유씨는 현재 경향신문에 「낙양성의 봄」을 인기리에 연재 중이다.","홍사익"
서울신문,,광복 50돌 맞아 「한·일관계 소설」 출간 붐,,1995-08-01,"「가즈오의 나라」와 「세종로 1번지」가 현재 상황을 바탕으로 한일관계를 해석했다면 유현종씨의 「제국의 별」은 일제강범기 때 실재했던 인물들의 다기한 삶을 보여준다. 한일합병 직후 일본은 조선무관학교 생도인 이청천·홍사익·박시찬 등을 국비유학생으로 뽑아 일본육사에 입학시킨다.이들 가운데 광복군 사령관을 지낸 이청천·박시찬은 조국광복에 일생을 바친다.그러나 홍사익은 육사를 우등으로 졸업 중장까지 진급했다가 일본 패망후 전범으로 재판을 받고 형장의 이슬로 사라진다. 이 소설은 홍사익의 행적을 중심으로 전개되면서 이청천 등의 독립운동과 대비시킨다.역사소설가로 손꼽히는 작가의 선굵은 문체가 일본·필리핀·만주 등지를 넘나드는 웅대한 스케일 속에 녹아들어 역사소설을 읽는 재미를 더해준다.<이용원 기자>","한일관계, 역사소설, 가즈오의 나라, 세종로 1번지, 제국의 별, 유현종"
조선일보,,趙甲濟기자가 쓰는 ‘근대화 혁명가’ 朴正熙의 생애 내무덤에 침을 뱉어라! 115 제3부 칼과 붓, ,1998-02-26,"봉천에는 그때 김태덕이란 조선인이 공장들을 경영하여 돈 을 많이 벌고 유지로서 현지사회에서는 높은 신망을 얻고 있었다. 여운형은 홍사익 장군에게 박승환을 김태덕의 둘째 딸김순자 에게 중매해줄 것을 부탁했다. 여운형은 박승환의 조직활동을은폐하고 엄호해 줄 보호막으로서김태덕의 그늘을 빌리려 했던 것같다. 그때 홍사익은 소장(별은 하나였다. 준장은 일본군제에는 없었다.)으로서 길림성의 공주령 학교 부교장으로 있었다. 일군내의 조선인 장교로는 가장 선임자였을 뿐 아 니라 존경받는, 즉 민족혼이 죽지 않은 분이었다. 박, 김두 사람은 1942년에 봉천신사에서 결혼식을 올렸다. (계속〉","홍사익, 여운형, 박승환, 조선인 장교, 일본군, 민족혼"
조선일보,,◇전범재판에 증인으로 나온 홍사익(洪思翊)중장, ,1998-02-27,"전범재판에 증인으로 나온 홍사익 중장은 조선인으로서는 가장 높은 계급까지 올라갔으며, 필리핀 포로수용소장으로서 연합군 포로들을 학대한 혐의로 처형되었다. 동시에 그는 일본군 내 조선인 장교들의 비밀 항일조직을 지원했다.","홍사익, 전범재판, 일본군, 조선인 장교, 항일조직"
조선일보,,趙甲濟기자가 쓰는 ‘근대화 혁명가’朴正熙의 생애 내무덤에 침을 뱉어라! 116 제3부 칼과붓,조갑제,1998-02-27,"박승환은 장교복장인 채로 병가를 얻어 고향인 파주로 왔다. 그는 여운형의 지도를받으면서 본격적인 공작활동을 벌이게 되었다. 이때 중학생이던 조카 박명근(*전 국회의원)이심부름을 자주 했다고 한다. 삼촌이 하나씩 둘씩 가져오는 수류탄을 보관하는 일도 맡았다.그는 지붕밑 천장속에 모아둔 수류탄이 떨어질까 불안했다. 박명근은 닭장의땅 바닥에 구멍을 파고 그 속에 등겨를 채워 넣고는 수류탄 70여개를파묻었다. 박 승환이 여운형의 밀명을 받아 중국 팔로군 지역으로 잠입하여 조선의용군 사령 관 무정을 처음 만나고 온 것도 이 무렵이었다. 아내 김순자도 밀서를 전달하고 사람을 만나고 하는 데 있어서는 동지나 다름이 없었다. 캐나다 토론토에 살고 있는 김순자 할머니(75세)는 「홍사익 장군도 남편의 비밀조직 활동을 보호해주었다고 기억한다. 홍사익은 경기도 안성 사람으로서일본육사 26기 출신이다.3.1운동이 일어나자 일본육 사 선배인 김광서중위 동기생 이청천중위 1년 후배인 이종혁중위가 일군부대에서 탈출하여 만주로 건 너가 독립군이 되었다는 소식을 들었다. 홍사익은 번민하다가 일군에 남아 있기 로 했는데항상 죄책감과 부담감을 갖고 있었다. 그는 약 8년간 만주와 상해에서 근무하면서 우리 동포와 조선인장교들을 접촉할 시간이 많았다. 홍사익이 그들을 감싸주었다는 것은 여러 사람들의 증언으로 확인되고 있다. 1944년 3월 홍사익은 관동군 군사학교 부교장에서 필리핀포로수용소 소장으로 정보되었다. 김순자 할머니는 『홍사익 소장께서 필리핀으로 떠날 때 아버님 남편 그리고 제 가 봉천역에 전송나갔지요. 홍장군은 남편의 손을 잡더니 「자네에게 모든 것을 부탁하네」 라고 말하면서 등을 두드려주시던 기억이 생생합니다라고 했다.","박승환, 여운형, 홍사익, 조선의용군, 필리핀 포로수용소"
동아일보,,日帝징용 한국인 戰後 전범몰려 23명 처형-27명 무기징역 50人의 피맺힌 恨,,1999-08-12,"일제징용 한국인 전후 전범몰려 23명 처형-27명 무기징역 50인의 피맺힌 한 유일한 생존자 추출(이학래)씨 첫 증언 일 보상 외면…조국서도'잊혀진 존재' 일제치하에서 강제징용돼 포로감시원으로 일하다 전쟁이 끝나자'일본인 전범' 으로 몰려 처형되거나 무기수로 전락한 한국인. 석방 후에도 한국인이라는 이유 로 보상 한 푼 못받고 조국에 돌아오지 못한 잊혀진 사람들. 이들의 한 맺힌 역사를 11일한국인 전범중 유일한 생존자인이학래(주》(이학래)•74) 씨가 처음으로증언했다. 이씨는 무기징역형을 선고받고10여년간 복역하다 55년 가석방된 한국인 27명 중 유일한 생존자. 이씨는 이날 자신이 근무하고있는 도쿄 도신 택시회사 사무실에서 기자와 만나""전범으로 몰려 처형된 한국인은 23명이며 27명은 무기징역을 선고받았다""며 처형자 23명의 명단을 최초로 공개했다. 이씨는 전범재판과 관련,""재판을 받을때 강제 징용된 한국인이라고 밝혔으나 재판부측은 입증서류가 없다며 이를 받아들이지 않았고 일본측 변호사들은 한 국인의 변호를 외면했다""고 폭로했다. 이씨는""대부분의 징용 한국인은 일본군이 정한 포로대우 원칙에 따라 연합군 포로에게 노동을시키고 환자에게 약을 투여하지않았을 뿐인데 이를 연합군측 이제네바 협정위반이라며 기소했다""고 밝혔다. 일본정부는 최근까지 한국의가족들에게 처형자들에 관한 사실을 통보하지 않 았으며 명단 공개도 거부해왔다. 이에 따라 이씨 등은 이국땅에서 일본인 전범'신분으로 억울하게 처형된 한국 인의 기구한 사연을 희생자 유족과 세상에 알리기 위해 이 명단을 작성했다. 처형자의 직급은 군인 1명 군속 14명 통역원 8명. 근무지는 태국 10명 인도네시아 4명 중국 8명 필리핀 1명이다. 일본은 42년 연합군 포로를 감시할 목적으로 영어를 할 줄 아는 한국인 청년2700명을 강제징용, 동남아전선과 중국으로 파견했다. 이들은 포로 수용소에서 통역서무보조 취사 경계근무를 맡았다. 전범재판 후 유죄를 선고받고복역하다 가석방으로 풀려난 한국인들은 91년 일본 정부의 보상을 요구하는 소송을 제기했으나 1심과 2심에서""형집행 당시 일본인 신분이었기 때문에 보상할 이유가 없다""는 이유로 패소했다. 《도쿄= 이병기 기자> 이씨가 공개한 명단에 따르면종전 당시 일본군 중장이었던 홍사익씨만이 현역군인이었고 나머지 22명은 모두 일본에강제 징용돼 자신의 의사와 상관없이 통역원이나 군속으로 일한사람들이다. 이씨가 공개한 명단에는 처형일시 및 집행장소 재판담당국가소속부대 계급 주 소가 기록돼 있다.","홍사익, 전범재판, 일제징용, 한국인, 일본군, 전쟁범죄"
한겨레,,태평양전쟁때 일본군에 끌려가 포로감시등 담당 한국인23명'전범희생'확인,,1999-08-12,"태평양전쟁때 일본군에 끌려가 포로감시등 담당 한국인23명'전범희생'화인 본지 명단입수··대일 보상요구 근거 구체화 태평양전쟁 당시 일본군에 군속 등으로 끌려가 연합군 포로 감시임무등을 떠 맡았다가 종전 뒤 연합군의전범재판에서 일급전범으로 낙인찍혀 억울하게 사 형당한 한국인 23명의명단이 11일 확인됐다. 〈한겨레> 가 이날 일본 도쿄에서 입수한 자료에 따르면 조문상(개성 태생•당 시 22살)씨 등 한국인 23명은종전 직후 전범으로 사형을 언도받은뒤 1947년 2월25일 싱가포르의 창이수용소 등에서 형을 집행당한 것으로밝혀졌다. 사형당한 이들은 1942년 일제가 미얀마 등에 있는 일본군의 보급로 마련을 위해 건설한 콰이강의 다리 건설현장 등에서 연합군 포로들에 대한감시를 맡기 기 위해 군속으로 끌고갔던 한국인 3000명 중의 일부이다. 이들에 관한 자료는 이때 희생된한국인 전범문제를 추적해온 소설 《콰이강의 다리> 작가 정동주씨가 이들과 함께사형을 언도받았다가 무기징역으로 감형받 고 살아나 현재 일본 도쿄에 살고 있는 이학래(74:사진)에게서 확보한 것이다. 이들 사형수 중 남한출신의 김장록씨와 북한출신의 조문상씨 등 5명의유해는 현재 도쿄의 유덴지에 보관돼있다. 정동주씨는"태평양전쟁 당시한국인들이 먹 울하게 전범으로 몰려사형당했다는 사실은 대부분의 한국인들에게는 알려지지 않았던 사실"이라면서"이들 명단의 발견으로 일본의 식민지 지배로 인한 피해 자들에대한 일본 정부의 보상근거를 좀더명확히 할 수 있게 됐다"고 평가했다. 확인된 사형수 명단은 다음과 같다.스김영주(부산 동래) 강태협(충남예산) 장수업(평남 진남포) 김귀호(제주 한림면) 천광린(서울) 박영조(경북 의성 ) 김장(전북 군산) 조문상(개성) 김택진(경남고성) 임영준(전북 군산) 박성근(") 변종이(충북 청주) 박준식(개성) 최창목(함북 명주) 홍사익( 서울 돈암동) 백천서(평북 의주) 김규언(평북 용천) 유삼천(경북칠곡) 조윤태(평북 의주) 차조복(평북 선천) 유경웅(경남 통영) 박형준(평북 선천) 김수인(주소미상)","태평양전쟁, 일본군, 한국인 전범, 포로감시원, 전범희생, 대일보상"
한국경제신문,,[해외신간 다이제스트] '홍사익 중장의 처형' .. 재조명,,1998-10-29,우리가 이 책에 관심을 갖는 것은 금세기를 마감하며 과거사 정리 차원에서 꼭 짚고 넘어가야 할 한일관계사의 한 부분이기 때문이다. 애국지사의 유해봉환 종군위안부에 대한 보상 징용으로 끌려간 생존 동포의 영주귀국 등이 이루어지고 있는 데 비해 일본군으로 참전했던 희생자는 관심 밖으로 밀려나 있다. 그 때 희생된 2만여명의 한국인 군인과 군속은 조국의 무관심 속에서 지금도 야스쿠니신사에 봉안돼 있다. 그러나 일본육사나 학도병 출신으로 살아남은 자는 해방후 엘리트로 대접받고 조국에서 건군의 주역이 된 경우도 적지 않다. 홍사익의 일본육사 동기생으로는 광복군 사령관으로 유명한 이청천 장군과 해방후 한국육군을 창건한 초대 참모총장 이응준 장군이 있다. 홍사익은 계림회라는 유학생 친목회의 리더로서 친구 이청천과 김광서 등 서울에 남아 곤경에 처한 선후배 광복군 지도자의 가족들을 비밀리에 도와주었다고 한다. 그는 일본식 발음으로 불리기는 했지만 창씨개명을 하지 않고 한국식 이름을 고집했다. 대한제국 유학생으로 교육받던 중 국권피탈의 비운을 맞은 그는 여단장을 거쳐 이른바 구름위의 사람으로 일컬어지는 일본군 고위 장성에까지 오른 한국출신 장교의 상징적 존재였다. 그는 일본이 항복하자 부관에게 고국에 돌아가서 수학선생이 되고 싶다고 말했지만 끝내 뜻을 이루지 못했다. 저자는 태평양전쟁에 초급장교로 참전하여 루손섬에서 미군의 포로가 됐던 인물. 그는 이 책을 한 사람의 전기가 아니라 전범재판에 초점을 맞춰 집필했다고 밝혔다. 미국 국립자료보존소에 보관된 1천여 쪽의 방대한 기록을 발췌해 번역하고 일본 국내 관계자의 증언기록과 인터뷰 서울에서의 관련 인사 취재결과를 담았다. 저자의 주관적 추측과 논리적 비약 영문 재판기록을 일어로 번역하는 과정에서 모호해진 부분도 있지만 사료적 가치가 큰 내용이 많다. 포로들의 생활상을 그린 부분은 전쟁의 참혹함을 되돌아보게 한다.","홍사익, 전범재판, 일본군, 한국인 장교, 전기, 역사"
문화일보,,민硏 친일인명사전 사회운동차원서 편찬키로, ,1999-08-16,"91년 창립이후 친일역사 청산문제를 지속적으로 연구해온 민족문제연구소(소장 김봉우)가 최근 ‘친일인명사전’ 편찬계획을 공식발표(관련기사 본지 12일자, 일부지방 13일자)하면서 이 사전에 수록될 ‘친일파’ 인물들의 면면에 관심이 쏠리고 있다.연구소는 사전발간을 지지하는 교수 1만명의 서명을 받은데 이어 앞으로 이 작업을 사회운동의 차원으로 발전시켜 나갈 계획이다. 연구소측이 1차로 선정한 인물은 1백명. 을사오적으로 불리는 권중현,박제순,이근택,이완용,이지용을 비롯해 일진회 회원이었던 송병준,이용구,윤갑병,윤시병 등이 명단에 포함돼있다. 민원식,박상준,박중양,석진형 등은 ‘직업적 친일분자’로 분류돼있고 경찰·군인분야에는 박정희,백선엽,홍사익 등의 이름이 눈에 띈다. 일반인들의 관심이 가장 많이 쏠리는 분야는 사회·문화분야이다. 우리나라 최초의 신소설로 평가받는 ‘혈(血)의 누(淚)’ 작가 이인직을 비롯해 유진오,백낙준,이병도,최남선(학술),김활란(여성),김동인,모윤숙,유치진,이광수(문학),김은호,이상범,현제명,홍난파(미술 음악)등이 ‘친일인명사전’에 첫번째로 오를 예정이다. 연구소는 ‘친일인물사전’이 20세기 한국사를 정리하고 21세기 새로운 도약을 위한 밑거름으로서 역사적 의미를 인정받는 것은 명확한 선정기준과 구체적인 증거자료를 기초로 한 평가작업에 달려 있다고 지적한다. 선정기준은 첫째 일제 식민체제에 어느정도 협력했는가, 둘째 광복이후 한국현대사에서 식민지배의 유산이 재생산되는 과정에서 어떤 역할을 했는가이다. “식민체제하에서 과연 친일파가 아닌 사람이 누가 있었겠는가라고 말하는 이도 있습니다. 물론 친일파로 알려진 분들 중에는 시대 분위기 속에서 마지못해 식민체제에 협조한 이도 있지요. 연구소가 이런 이들에 대해 단죄를 하자는 것이 결코 아니며 그럴 권리도 없습니다. 다만 객관적인 자료를 갖고 각 인물들의 친일행적을 정확하게 기록하려는 것 뿐입니다. 따라서 아무리 심증이 가는 친일파라 할지라도 구체적인 증거자료가 없을 경우에는 과감히 사전에서 제외될 겁니다.” 김민철 책임연구원은 “일제말기 20대 후반의 젊은 나이였던 박정희 전대통령은 비록 당시에는 사회 지도층이 아니었지만 만약 식민지배가 계속됐다면 적극 협력했을 것”이라며 “그동안 후손들로부터 고소당하는 사건도 적지 않았고 갈등과 곤혹스러움을 느낄때도 있었지만 해방이후 현재까지 왜곡돼온 역사의식과 가치관을 바로잡는데 충실하겠다”고 말했다. 2002년 발간예정인 ‘친일인명사전’은 백과사전 30권분량 규모. 자료수집비 40억∼50억원, 출판비 30억원이 예상되는 방대한 작업이다. 구성은 1부 일제의 식민정책 및 이후 한국사회에 미친 영향(가제), 2부 친일단체 활동내용 및 명부, 3부 친일인명사전으로 꾸며진다. 인명사전에는 최대 3천여명이 수록될 예정이다. 이중 생존인물은 비교적 소수가 될 것으로 연구소는 전망하고 있다. 김책임연구원은 “우선 각국에 흩어진 친일인물관련 자료들을 모아 데이터베이스화하는 작업이 시급하다”며 “한 개인, 한 단체의 힘으로 할 수없는 작업인만큼 사회적 관심과 지원이 절실한 실정”이라고 밝혔다.","친일인명사전, 민족문제연구소, 친일파, 역사청산, 한국현대사"
조선일보,,"[이규태 역사에세이] 홍사익 이야기",,1999-12-23,"일제 때 일본군의 중장까지 오른 분은 영친왕과 홍사익 둘 뿐이다. 그 홍사익이 광복 후 2차 대전의 전범으로 필리핀에서 열린 미군 전범재판소에서 교수형을 언도받은 것은 1946년 4월18일 오전이었다. 당시 그는 남방군총사령부 병참총감이요 연합군 포로 취급이 병참소관이었던 데서 포로수용소장을 겸하고 있었으며 그가 전범으로 기소된 11개 항목은 거의가 포로 학대에 대한 책임이었다. 이미 체념을 했던지 재판중 그의 죄량이나 죄질을 약화시키는 어떤 발언도 또 질문에도 응하지 않았었다. 따라서 최후 진술도 없었다. 언도를 받고 나가면서 재판받던 일행 중 누구에게 「교수합격이다」고 말한 것이 마지막 말이 되었다. 신체검사에서 갑종합격이라고 하듯한 그런 일본군인다운 어조였다 한다. 갇혀있던 165일 동안 목사가 넣어준 신약성서와 구약의 시편을 열심이 읽었다. 처형장에 나가면서 수용소의 담당 감시병인 미군헌병 이반 케이에게 그 성서를 주고 교수대에 올라 입회목사더러 구약 시편 51편을 지적, 읽어달라고 청했다.「나의 불의를 낱낱이 씻어 나를 나의 죄로부터 벗어나게 하옵소서」 하는 내용의 시다. 그리고 그의 시체는 비밀지령 293호에 의해 소각하여 유회는 극비리에 바다에 뿌려졌다. 20세기 전반의 한 한국인의 기구한 인생 유전이 그렇게 끝나고있다. 그 성서를 갖고있던 케이는 미국 로스앤젤레스에 살고 있는데 이웃에 사는 일본 사람에게 이 성서를 유족을 찾아서 주라고 맡겨 홍사익의 아들 홍국선(홍국선 1983년 작고)에게 돌려졌다 한다. 홍사익이 태어난 곳은 고종 27년(1889)으로 경기도 안성. 가난하지만 사서삼경을 읽혀 기르는 남양 홍씨 양반 집안에서였다. 당시 사람들이 그러했듯이 홍사익도 14세에 결혼하고 출세의 길을 찾아 상경을 했다. 나라를 반신불수로 만드는 을사강제조약이 맺어지고 군대 강제해산으로 의병이 일어나고 있던 그 난시에 명맥을 잇고 있던 육군무관학교에 입학한다. 이렇다 할 뜻이 있어서가 아니라 당장 먹여주고 입혀주기에 호구를 위해 택했을 수도 있다. 재학중인 1909년에 황실의 명에 따라 일본 중앙유년학교에 유학을 한다. 일본육군사관학교에 진학하게 돼 있는 이 학교에 같이 유학을 떠난 무관학교 학생으로 홍사익(26기)과 동기인 이응준, 1기 아래인 김석원(27기)이 있었다. 일본의 강제병탄에 충격을 받은 당시 육군사관학교 한국유학생들은 자신들의 진로를 의논하기 위해 아오야마 묘지에 모였다. 사람의 눈을 피하고자 묘지를 선택한 것일 게다. 이곳에는 한때 만주에서 독립운동으로 신출귀몰하여 김일성으로 불리었던 김광서도 있었다. 선임인 김광서에게 의견을 구하자 비분강개하여 당장 때려치우고 귀국하자고 했다. 홍사익에게 의견을 구하자, 지금은 배울 것이 많으니 배우고 흡수할 것, 흡수하여 보다 많은 실무와 실전을 경험하여 자신이 붙을 때까지 은인자중하다가 기회를 보아 일을 도모하자고 했다. 김광서의 극단론보다 홍사익의 대망론에 동조하여 이를 맹약하고 흩어졌다. 하지만 이 미온적 태도에 반발 구국운동에 뛰어 든 육사출신도 적지 않았다. 전기 김광서를 비롯 이응준의 장인이기도 한 이갑 그리고 지대형(지대형=이청천) 등이 그들이다. 남아있던 육사출신 한국인은 침목회인 전의회를 만들어 회지를 발간하고 독립운동에 투신한 회원들 가족의 어려운 생계를 돕기도 했다. 한국에 징병령을 공포하여 젊은이들을 끌어가기 시작했던 1942년에 있었던 일이다. 홍사익의 맏아들인 홍국선의 집에 그의 친구하나가 도망병으로 숨어들었다. 몇채 건너 숨겨두었는데 옛날에 왕래했던 편지 주소가 빌미가 되어 헌병대에서는 홍국선을 의심하여 감시하고 있었다. 그럴 즈음에 홍사익이 남방군 병참총감으로 발령 받아가며 서울의 아들 집에 들렀다. 오랜만에 부자간에 저녁 밥상을 놓고 술도 한잔 하고 있는데 헌병소위가 들이닥쳤다. 아들 국선이 현관에 나가 고성이 오가는데 도망병 운운하는지라 홍사익이 소장 복장으로 현관에 나가 보았다. 소장이 집에 와있는지 몰랐던 이 헌병 소위는 도망병 아닌 육군 소장이 나타나는 것을 보고 기겁을 하고 경례를 부친 다음 줄행랑을 쳤다. 이런 일이 있은 후 홍국선은 이 일을 두고 아버지의 신상에 누가 되지 않을까 불안해 하다가 아버지에게 솔직히 말했다. 이때 홍사익은 처음으로 「광복군 사령관으로 있는 지대형(이청천)으로부터 재삼 재사 광복군으로 와달라는 연락을 받아왔다」는 말을 한 것이다. 지대형은 바로 홍사익과 육사 26기 동기로 1919년 3·1운동이 일어나자 중위로 탈주, 만주에 망명했다. 홍사익이 소장으로 북지나군 여단장으로 있었을 때에도 이청천과는 연락이 있었다 한다. 그렇다면 홍사익은 민족보다 일신의 영달에 기울어 있었음을 미루어 알 수 있다. 주의를 끄는 것은 당시 강압에 의해 하지 않고는 배겨날 수 없었던 창씨개명을 하지 않고 홍사익으로 유지했다는 점이다. 그의 일본인 전기작가들은 민족적 양심이 남아있었다는 증거로 이를 드는데 예외가 없다. 그리고 이런 사례를 든다. 그가 대위시절에 소년이었던 아들 홍국선이 왜 조선사람이라고 이유 없는 경멸과 놀림을 받아야 하는가고 아버지에게 진지하게 물었던 일이 있었다. 이에 홍대위는 무척 어려운 문제라면서 이렇게 대답했다 한다. 그것은 아일랜드와 영국사람과의 관계와 유사한 것으로 영국사람들로부터 어떤 취급을 당해도 아일랜드 사람이라는 것을 숨기지 않고 자신을 내세울 때도 분명히 아일랜드의 아무개라고 하듯이 「나는 조선 사람인 홍국선이다」고 분명히 하라는 것이었다. 지휘관으로 부임하면 일본군 앞에서 「나는 조선인인 홍사익이다. 지금부터 천황폐하의 명령에 의해 지휘권을 갖는다. 이의가 있거나 불복하겠다는 자가 있으면 나오라」고 첫 훈시를 하곤 했다 한다. 하지만 일상생활에서 자신과 자식들에게 일본 하오리를 입혔던 그로서 이율배반이요, 좋게 생각해서 저버린 민족적 양심에 대한 작은 보상행위일수도 있다. 민족의 정체성을 추구하는 것과 민족을 위해 헌신하는 민족주의와 같을 수 없음을 홍사익이 몸으로 구현한 것이 된다. 한국사람이었기에 일본군에 이용당한 사례도 없지 않았다. 바로 그가 남방군 병참감으로 발탁된 것도 그것이요 그가 전범으로 처형당한 것도 그 때문이었다. 패전 3∼4년 전부터 한국에서 징용으로 군속을 끌어다 남방에 풀었다. 징용 온 사람 가운데에는 고학력자도 많고 영어를 하는 사람도 더러 있어 이를 추려 자바섬의 스마란 포로수용소에 배치시켰었다. 한데 전황이 악화되면서 특채할 때 약속한 조건 이행이 되지 않고 악화되자 동족이라는 공감대를 타고 폭동을 일으켜 기관총을 탈취 일본인 위병을 사살하고 수용소를 점거하는 사태가 벌어졌었다. 남방에는 포로수용소가 많았으며 한국인이 많이 배속돼 있었기로 이 폭동이 연쇄돼 나가지 않을까 일본 군부가 걱정하기에 이른 것이다. 그렇다면 수습할 길이 없게 된다. 여기에서 한국인 출신인 홍사익 중장을 포로업무의 우두머리인 병참총감으로 앉히려는 발상이 나온 것이다. 이렇게 긴요하게 써먹기 위해 그로하여금 한국이름을 보존시켰는지도 모를 일이다. 2차대전이 끝나고 필리핀에 있었을 때 휘하 통신대 일본인 영관 하나가 「이제 한국이 독립하게 됐으니 각하도 귀국하여 활약하겠지오」 하자 웃몸을 가다듬더니 이렇게 말했다 한다.「나는 아직 일본 육군의 제복을 입고 있다. 제복을 입고 있는 한 제복에 충성하고자 한다. 따라서 이 옷을 입고 있는 한 그런 생각은 하지 않는다」고 말했다 한다. 자기가 선택한 일에 충성을 다한다는 그의 처세에 일맥 상통한 발언인 것이다. 이같은 일생은 어쩌면 일본 제국주의 하에서 성공적으로 살아나온 궁색한 명분일수도 있을 것이다. 친일파 괴수들의 유족들은 배반에 부릅뜬 보이지 않는 주변의 눈초리 때문에 한국에 살 수가 없었다. 그의 전 처 조씨는 오래 병상에 누었다가 1943년에 죽고 후처인 도쿄여자고등사범학교 출신의 이청영 부인은 일본에 눌러 살다가 그녀 소생의 둘째 아들 홍현선이 유학하고있는 로스앤젤레스에 가 살다가 1978년에 교통사고로 죽었다. 떠나기 전에 일본에서 사토(좌등영작) 총리와 만나고 있는데 1937년 사토가 철도감독관으로 상해에서 남경까지의 화중철도를 놓는 일을 맡고 있었을 때 당시 그 지역 군 연락관으로 홍사익의 덕을 많이 본 사이였다. 사토는 그 때 옛 정의의 살림자금으로 사재 100만원을 증여했다 한다. 와세다(조도전)대학 출신의 맏아들 홍국선은 광복 후 한국은행에 근무하다가 1984년에 고향 안성에서 죽었고. 지금 안성에는 홍씨 문중산에 「남양공홍사익배한양조씨지묘」라는 오석 묘석이 서 있는데 시신 아닌 유품을 묻은 것이라 한다. 일본군 육군 중장이라는 벼슬도 민족반역자라는 글귀도 없는 20세기 전반의 기구한 한국사를 살았던 지조없는 인생군의 한 대표적 삶의 종점을 표시하고 있을 뿐이다."
문화일보,,<포럼>新日 명단 작성과정 이렇다, ,2002-03-06,"2002년 3·1절의 일간지에는 국회의 ‘민족정기를 세우는 의원모임’에서 발표한 친일반민족행위자 708명 명단이 톱기사로 보도되었다. 1948년 제헌국회에서 반민족행위자처벌법을 제정하고 그에 따라 친일부역자를 검거, 조사하다가 1949년 6월 6일 이승만정권의 반동 쿠데타로 박살난 것을 명목이나마 회복해 보자는 여야 의원들이 모여, 이제는 저승으로 떠난지 오래된 이들의 명단을 발표했다. 부관참시하지 않는 한, 그들을 처벌할 수도 없는 시기에 이르렀지만 그렇게 역사적으로나마 심판한 것은 겨레의 양심을 바로세운다는 점에서 의미가 크다. 비리와 게이트 이야기로 춘곤증에 젖은 뉴스감각을 신선하게 일깨우기에도 충분했다. 거기에 참가한 국회의원들의 경우 여야의원이 함께 했고 젊은이다운 아름다운 고집도 있어 역사와 국민으로부터 박수도 받았다. 그렇다면 발표문을 성안할 때 자문회의를 사회했던 증인으로 발표과정을 밝혀 두는 것이 중요할 것 같다. 더구나 며칠동안 전화 인터뷰 공세에 시달리다가 본의 아니게 잘못 전달된 것도 없지 않은 것 같으므로 더욱 중요할 것 같다. 발표 명단은 알려진대로 광복회가 준비해 왔다. ‘민족정기를 세우는 의원모임’과 광복회가 공동으로 발표할 계획이었다. 그에 따라 광복회 회원과 전문 학자가 참여한 심사위원회를 구성하여 심사하였다. 692명까지는 무리없이 심의를 완료했는데 마지막에 문화인 17명에 대해서는 찬반 양론이 팽팽하여 미결로 국회의 ‘의원모임’에 이첩되었다. 필자가 듣기로는 2월22일에 이첩 받은 ‘의원모임’에서 자문위원회를 구성하여 25일 오전 8시30분에 자문위원회를 소집하였다. 장소는 여의도 의원회관 귀빈식당이었으나 연락이 부실하여 거의 참석하지 못하여 27일 저녁 8시에 다시 모였다. 27일의 장소는 염창동 리버파크호텔이었다. 강창일·김삼웅·김민철·방기중·서중석·윤경로·이만열·장완익·조동걸·한상범 등 10명의 자문위원 가운데 강창일·이만열 교수가 불참하고 8명이 모였으며, 그 자리에는 관계 국회의원 12명 내지 13명과 비서관들, 방송 카메라기자들이 있었다. 거기에서 처음에는 친일파에 대한 난상토론이 전개되었다. 그러다가 오후 9시40분쯤에 국회의원은 옆방으로 물러가고 자문위원만의 자문회의가 열렸다. 광복회에서 이첩된 명단에 대한 자문위원들의 의견을 모으는 회의였다. 필자가 사회를 맡았다. 먼저 광복회에서 이첩된 692명에 대하여 부의한 바, 추가할 사람도 있고 중복 기재된 사람도 있으나 광복회에서 심의한 것이므로 재론하지 말고 별도의 17명에 대하여만 검토하기로 했다. 검토 결과는 다음과 같았다. ①17명 가운데 김인승은 시기가 맞지 않으므로 제외하고 16명은 692명에 포함하여 발표한다. ②발표시에 광복회에서도 찬반 양론이 있었다는 것과 자문위원회에서도 신중론 등의 다른 의견이 있었다는 것을 설명한다.―자문위원 가운데 세분의 다른 의견이 있었는데, 두분은 전반적 신중론이었고 한분은 여성계 거물급 2명외에는 발표할 가치가 있느냐 하는 의문을 제기했다. 어떻든 세분의 이의가 있었던 셈이다. 그리고 네분 위원은 16명 전체가 692명과 차별성이 없다는 의견이었다. 이 기회에 보도에 나타난 자문위원 수의 착오를 바로잡는다. ③16명과 같은 문화계 인물이 그 외에도 있으므로 다음 기회에는 보다 완벽하게 조사하여 발표하기를 바란다. ④광복회에서 심의한 692명에도 정운복(안중근의 이토 히로부미 처단에 대한 사죄단 단장) 이익흥(경찰서장) 홍사익(장성) 등 친일 반민족 행적이 역력한 인사가 누락되어 있다. 다음 기회에는 발표하기를 바란다. ⑤자세한 것은 민족문제연구소에서 편찬하고 있는 ‘친일반민족인명사전’에 소개될 것이라는 점을 발표해 달라. 위의 5개항은 자문위원회에서 재확인한 후에 오후 10시40분쯤 의원들과 합석하여 구두로 전달하고, 끝으로 ‘의원모임’에 대하여 자문위원들의 경의와 적극적인 지지를 표하며, 이번 기회를 통하여 식민지 잔재의 청산과 민족적 양심과 정의가 바로서는 계기가 되기를 희망한다는 뜻도 밝혔다. 앞으로 1949년과 같은 과오가 재연되지 않을 교훈으로 삼아야 하기 때문이다.","친일반민족행위자, 명단작성, 광복회, 자문위원회, 친일파"
문화일보,,<시론>친일파 홍사익,,2002-03-13,"“조선인 홍사익(洪思翊)입니다.” 홍사익은 일본 식민지 시절 조선인 출신으로는 유일하게 일본제국 육군 중장까지 올라간 군인으로 전후 A급 전범으로 처형됐다. 그는 일본제국 장성이면서도 끝내 창씨개명을 거부한채 홍사익이라는 이름으로 일관했다. 그리고 군대내에서 자기 소개시 늘 조선인임을 먼저 밝혔다. 군수뇌부조차 그의 이런 고집을 꺾을 수 없었다고한다.최근 국회내 민족정기를 세우는 의원모임의 친일반민족행위자 708명 명단 발표와 관련해 다시 그의 이름이 거론됐다. 발표시의 명단에는 포함되지 않았으나 그에 관한 내용은 자문위원들이 내놓은 ‘제언’ 4번째에 담겨 있었다. 그에 따르면 “광복회에서 심의한 692명에도 정운복(안중근의 이토 히로부미 처단에대한 사죄단 단장) 이익흥(경찰서장) 홍사익(장성) 등 친일 반민족 행적이 역력한 인사가 누락돼 있다. 다음 기회에는 발표하기를 바란다”고 돼 있다. 조선조 말기인 1887년 경기도 안성의 빈한한 농가에서 출생한 홍사익은 16세때 무관학교에 입학했으나 대한제국 황제의 명에 의해 유학생으로 일본 육군중앙유년학교에 들어간다. 그러나 학업에 정진하던 도중인 1910년 대한제국은 일본에 병합되고만다. 1900년 6월19일 발표된 대한제국 황제의 군인유칙을 가슴에 품고 있던 홍사익과 같은 처지의 동료들에겐 청천벽력의 사태였다. 이들은 비밀리에 회동해 앞으로의 처신에 대해 논의했다. 전원탈주후 귀국하자는 등 여러가지 의견이 나왔으나 대부분은 홍사익의 주장대로 공부를 계속한다는데 합의한다. 여기서 첫번째 의문이 홍사익은 왜 조국을 잃어버린 무인(武人)의 입장에서 학업의 계속을 주장했을까이다. 두번째는 육사생도 시절을 전후해 동료들의 탈주와 광복군 참여 권고를 거부한 점이다. 그는 일부 동료들 즉 나중에 독립군으로 이름을 떨친 이청천(李靑天)의 권유에도 불구하고 일본군 장교로 잔류한다. 그럼에도 그는 자신의 월급을 쪼개 동료 망명자나 독립군 가족을 돌보는데 헌신한다. 고난보다 영화를 택한 자의 쥐꼬리만한 양심때문이었을까. 일본제국 군대의 장교로 복무하면서도 그는 매년 연초를 맞이할때마다 이(李)왕가 참배를 잊지않았다. 끝까지 대한제국 황제의 군인유칙을 버리지 않았다는 그의 행위는 이처럼 모순돼 보인다. 홍사익은 후에 이 왕가를 제외하고 조선인으로는 유일하게 육군대학을 나와 장성으로까지 진급한다. 그리고 중장때인 1944년 필리핀 전시포로사령관에 부임한후 패전과 함께 A급 전범으로 분류된다. 3번째 의문은 그가 오랜 기간의 재판 과정에서 단 한마디의 변명도 없이 침묵으로만 일관했다는 점이다. 그의 마음 속에는 일본인들 스스로 행한 포로에대한 잔학행위 일체를 그에게 덮어씌우고 자신을 대신 교수대로 보내는 것이 아니냐는 의혹이나 분노가 일지 않았을까. 아니면 맥아더 장군의 초조감에대해 한마디의 멸시 표현이라도 가능하지 않았을까. 사실 맥아더는 필리핀에서 초기 일본군의 파죽지세에 밀려 자신의 부하들을 버리고 혼자 도망쳤다는 점때문에 포로학대 문제를 들어 반드시 희생양이 필요한 상황이었다. 홍사익은 왜 말이 없었을까. 홍사익은 1946년 9월26일 처형장으로 이송돼 교수대에 올라갔다. 그가 최후로 참관인들에게 부탁한 것은 구약성서 시편 51편의 낭송이었다고 한다. “…내가 죄악중에 출생하였음이여 모친이 죄 중에 나를 잉태하였나이다. 중심에 진실함을 주께서 원하시오니 내 속에 지혜를 알게 하시리이다….” 홍사익의 긴 침묵을 오늘을 살아가고 있는 우리는 어떻게 받아들여야할까. 그리고 후세인들의 그에 대한 친일파 분류 작업을 그 자신은 어떻게 받아들이고 있을까. 홍사익의 충성의 대상은 과연 일본천황이었을까. 아니면 누구였을까. 최근의 친일파 논쟁을 보며 느끼는 단상(斷想)은 인간이란 우리가 생각하는 것보다 훨씬 복잡한 존재라는 점이다.","홍사익, 친일파, 일본 육군, 전범, 필리핀 포로사령관"
한국일보,,[기억할 오늘] 홍사익 (2.2),최윤필,2018-02-02,"일제 강점기 친일 관료 민원식과 박중양 작곡가 손목인 독립운동가 이봉창 등의 삶을 되짚어보다 보면 1900년대 전반기 한국인에 대한 친일-반일-항일의 분류가 생각처럼 쉽지 않고 어느 만큼 의미를 부여하는 게 합당할지 곤혹스러워진다. 바뀐 세월 탓도 있겠지만 강점기라는 시대적 맥락 안에서 보더라도 선악 이분법이 개인의 삶의 총체를 담지 못하고 가혹하고 폭력적이라는 느낌도 든다.홍사익(1887.2.2~1946.9.26)의 삶도 그런 경우일 것이다. 그는 조선인으로 제국군대의 육군 중장을 지낸 엘리트 군인이었다. 그는 강점기를 통틀어 조선인 딱 4명이 졸업했다는 일본 육군대학을 영친왕 등 특전으로 입학한 3명의 왕족을 뺀다면 사실상 유일하게 실력으로 입학했고 졸업했다. 일본 육사 졸업 후 최고 엘리트 부대였다는 도쿄 1사단 1연대를 시작으로 그는 본토 사령부와 참모본부 교육ㆍ훈련부대에서 주로 근무했다. 중일전쟁이 터지면서 중국 전선의 보병 여단장으로 나가 팔로군 및 조선의용대와 전투를 벌였고 태평양전쟁 직후에는 필리핀 주둔군 총사령부 병참총감으로 연합군 포로수용소 소장으로 약 10개월을 근무했다. 종전 후 그는 수용소장 시절 포로에 대한 불법 처우와 학대 살해 등 혐의(B급 전범)로 사형 당했고 66년 저 악명 높은 야스쿠니 신사에 합사됐다. 그는 친일파를 넘어 ‘악질’ 전범이었다. 그는 일본육사 조선인 동기들이 만주로 건너가 광복군이 된 뒤 그들 가족을 보살폈다. 광복군 사령관이 된 지청천의 합류 종용에도 전쟁 말기 한 조선인 종군기자의 탈영 제의에도 그는 응하지 않았다. 일본에 대한 의리 때문이 아니라 수십만 명의 징병ㆍ징용 조선인들의 처우 때문이라고 말했다. 그래서 그는 창씨개명도 하지 않았다. 영국의 아일랜드인처럼 조선인도 당장엔 힘들겠지만 언젠가는 동등한 국민으로 권리를 얻을 수 있으리라 믿었고 그러기 위해서라도 누구나 언제나 자신이 조선인임을 밝혀야 한다고 역설하기도 했다. 그는 독립군과 맞서 싸운 일본 군대의 장군이었지만 그 길이 조선인의 권리 회복에 도움이 되는 길이라 여겼다. 그는 축재하지 않았고 전범 재판정에서도 자신을 변호하지 않았다.","홍사익, 친일파, 일제강점기, 일본 육군대학, B급 전범"
국민일보,,[창-김철오] 친일파 홍사익,김철오,2019-03-02,"일제 육군 중장이 돼서도 조선인임을 내세운 인물… 평가 엇갈리지만 그래도 그는 친일파 친일파 홍사익. 제국주의 일본의 침략전쟁에 가담한 B급 전범이다. 태평양전쟁 종전 이듬해인 1946년 9월 26일 필리핀 마닐라 전범수용소에서 교수형을 당했다. 1966년 야스쿠니신사에 합사됐고 2009년 대통령 직속 친일반민족행위진상규명위원회에서 작성한 705명의 친일파 명단에 들어갔다. 홍사익은 조선인 출신으로 일본 육군대학을 졸업한 엘리트 군인이었다. 일제강점기 35년간 일본 육군대학에 입학한 조선인은 단 4명. 그중 3명은 영친왕을 포함한 왕족이었다. 실력만으로 합격한 조선인은 사실상 홍사익밖에 없었다. 홍사익은 1944년 필리핀에 주둔한 일본 남방총군에서 장성급 장교인 중장까지 진급했다. 육군대학 졸업생이어서 가능한 일이었다. 처음부터 친일파는 아니었다. 홍사익은 1887년 경기도 안성에서 몰락한 양반가문의 삼남으로 태어났다. 어린 나이에 아버지를 잃어 20여년 터울의 맏형 손에 자라면서 과거 급제를 꿈꿨다. 과거 제도의 폐지로 꿈이 꺾이자 대한제국의 군인이 됐고 군이 일제에 의해 해산되고 떠난 일본 유학길에서 그대로 육군사관학교에 입학했다. 홍사익이 대한제국 육군 무관학교를 졸업하고 위관급 장교로 임관됐던 1909년은 한반도가 일제에 의해 무장해제를 당했던 해다. 일본 평론가 야마모토 시치헤이의 저서 ‘홍사익 중장의 처형’을 보면 홍사익은 다소 복잡한 내면을 가진 인물이었다. 국운이 기울어진 상황에서 그가 추구한 출세의 길은 제국주의에 대한 부역이었지만 창씨개명에 동참하거나 조선인이라는 사실을 숨기지 않았다. 공직자로만 놓고 보면 일처리가 탁월했으며 이문에 밝지 않아 축재하지 않았다는 증언도 있다. 야마모토는 전범에 대한 연합국의 재판기록을 샅샅이 뒤져 ‘조선인 홍사익’의 삶을 추적했다. 야마모토 역시 필리핀에 주둔한 일본 남방총군 소속이었다. 그의 저서에 따르면 홍사익은 이름을 일본식인 ‘고시요쿠’로 독음할 때도 있었지만 개명한 적은 없었다. 군에서 지휘관으로 파견돼 취임사를 할 때마다 일본어로 먼저 인사한 뒤 “나는 조선인 홍사익이다”라고 우리말로 다시 인사했다고 한다. 일본 육군 대위였던 1925년 전후 학교에서 조선인이라는 이유로 멸시를 당해 괴로워하는 아들 홍국선과 나눈 대화는 주목할 만하다. 홍사익은 당시 독립을 선언했지만 영연방에서 탈퇴하지 못한 아일랜드의 사례를 들어 “아일랜드인은 영국에서 어떤 일을 당해도 아일랜드인이라는 사실을 숨기지 않는다. ‘나는 조선인 홍국선입니다’라고 말하라. 조선인이라는 말을 생략해선 안 된다”고 말했다. 독립군 사령관이 된 일본 육사 동기 지청천으로부터 은밀하게 합류를 권유받았을 때 거절했던 이유는 일제에 대한 충성심보다 조선에서 강제로 동원된 군인·노동자의 안위를 걱정해서였다는 주장도 있다. 이런 정황들을 펼쳐놓으면 홍사익의 마음속 깊숙한 곳에 조국의 독립이 있었는지 알 길은 없지만 제국주의의 광풍에 휩싸인 일본에서 조선인의 권리를 주장할 방법을 모색한 인물이라는 추측은 가능하다. 하지만 변명이 될 수 없다. 눈앞의 현실을 택한 내면의 갈등과 시대의 불가항력은 반민족행위와 전쟁범죄를 사면하지 않는다. 홍사익은 중·일전쟁이 발발한 1937년 중국으로 파견돼 일제의 침략전쟁에 가담했고 다시 배속된 상하이에서 대한민국 임시정부 요인들을 추적했다. 필리핀에서 벌어진 연합군에 대한 살해·학대는 포로수용소장인 홍사익의 죄목이 됐다. 홍사익은 전범재판소에서 다가오는 운명을 이미 간파했다. 변론하지 않고 사형 선고를 받아들여 처참한 최후를 맞았다. 지금에 이르러 홍사익을 놓고 다양한 평가가 나오지만 그가 용서받을 수 없는 이유는 분명하다. 홍사익은 용서를 구할 기회도 구하지 않았다. 용서는 참회와 사과가 있을 때 가능하다. 피해자의 관용은 별개의 일이지만. 100년 전 ‘독립 만세’의 함성이 한반도를 뒤덮었다. 1919년 3·1운동은 지금의 우리를 독립국가의 주권자로 살아가게 해준 존재의 이유가 됐다. 3·1운동을 계기로 한반도 지배의 방식을 문화통치로 전환한 일제의 기만에 일부 독립운동가가 변절했고 친일파가 속출했지만, 이 틈에도 신념을 지킨 애국자는 많았다. 홍사익은 그해 일본 육군의 최고 요직인 인사국에 있었다.","홍사익, 친일파, 일본 육군, B급 전범, 포로수용소, 필리핀, 전범재판, 대한제국, 일본 육군대학"